home_team_name;away_team_name;home_team_win;ano;home_ataque_idade_min;home_ataque_idade_max;home_ataque_idade_mean;home_ataque_score_min;home_ataque_score_max;home_ataque_score_mean;home_defesa_idade_min;home_defesa_idade_max;home_defesa_idade_mean;home_defesa_score_min;home_defesa_score_max;home_defesa_score_mean;home_pos_elim;home_pts;home_j;home_v;home_e;home_d;home_gp;home_gc;home_sg;home_conf_cont;home_desclassif_qtd;home_desclassif_pts_min;home_desclassif_pts_max;home_desclassif_pts_mean;home_desclassif_v_min;home_desclassif_v_max;home_desclassif_v_mean;home_desclassif_e_min;home_desclassif_e_max;home_desclassif_e_mean;home_desclassif_d_min;home_desclassif_d_max;home_desclassif_d_mean;home_desclassif_gp_min;home_desclassif_gp_max;home_desclassif_gp_mean;home_desclassif_gc_min;home_desclassif_gc_max;home_desclassif_gc_mean;home_desclassif_sg_min;home_desclassif_sg_max;home_desclassif_sg_mean;home_aprov;home_perc_v;home_repescagem;home_gp_por_jogo;home_gc_por_jogo;home_sg_por_jogo;home_sede;away_ataque_idade_min;away_ataque_idade_max;away_ataque_idade_mean;away_ataque_score_min;away_ataque_score_max;away_ataque_score_mean;away_defesa_idade_min;away_defesa_idade_max;away_defesa_idade_mean;away_defesa_score_min;away_defesa_score_max;away_defesa_score_mean;away_pos_elim;away_pts;away_j;away_v;away_e;away_d;away_gp;away_gc;away_sg;away_conf_cont;away_desclassif_qtd;away_desclassif_pts_min;away_desclassif_pts_max;away_desclassif_pts_mean;away_desclassif_v_min;away_desclassif_v_max;away_desclassif_v_mean;away_desclassif_e_min;away_desclassif_e_max;away_desclassif_e_mean;away_desclassif_d_min;away_desclassif_d_max;away_desclassif_d_mean;away_desclassif_gp_min;away_desclassif_gp_max;away_desclassif_gp_mean;away_desclassif_gc_min;away_desclassif_gc_max;away_desclassif_gc_mean;away_desclassif_sg_min;away_desclassif_sg_max;away_desclassif_sg_mean;away_aprov;away_perc_v;away_repescagem;away_gp_por_jogo;away_gc_por_jogo;away_sg_por_jogo;away_sede
alemanha;costa_rica;1;2006;21;34;26;77;89;82;21;37;28;76;90;81;1;22;10;6;2;1;19;7;12;0;38;0;25;11;0;8;3;0;6;2;0;12;5;1;24;12;5;48;18;-43;16;-5;0;0;0;1;0;1;1;19;28;23;58;77;65;23;29;26;62;73;66;3;16;10;5;1;4;15;14;1;0;2;2;11;6;0;3;1;2;2;2;5;8;6;4;16;10;18;21;19;-17;-2;-9;0;0;0;1;1;0;0
polonia;equador;0;2006;20;36;26;68;80;72;19;36;28;67;82;73;2;24;10;8;0;2;27;9;18;0;38;0;25;11;0;8;3;0;6;2;0;12;5;1;24;12;5;48;18;-43;16;-5;0;0;0;2;0;1;0;20;34;26;64;82;72;24;32;26;59;78;68;3;28;18;8;4;6;23;19;4;0;6;14;25;20;4;6;5;2;7;5;5;12;7;18;24;20;16;37;26;-17;8;-5;0;0;0;1;1;0;0
inglaterra;paraguai;1;2006;19;34;25;77;92;82;20;36;26;77;90;83;1;25;10;8;1;1;17;5;12;0;38;0;25;11;0;8;3;0;6;2;0;12;5;1;24;12;5;48;18;-43;16;-5;0;0;0;1;0;1;0;18;35;24;63;84;76;18;33;26;63;82;73;4;28;18;8;4;6;23;23;0;0;6;14;25;20;4;6;5;2;7;5;5;12;7;18;24;20;16;37;26;-17;8;-5;0;0;0;1;1;0;0
trindade_e_tobago;suecia;0;2006;21;29;24;53;73;63;29;38;32;55;72;66;4;13;10;4;1;5;10;15;-5;0;2;2;11;6;0;3;1;2;2;2;5;8;6;4;16;10;18;21;19;-17;-2;-9;0;0;1;1;1;0;0;20;34;27;66;88;73;21;40;27;66;86;73;2;24;10;8;0;2;30;4;26;0;38;0;25;11;0;8;3;0;6;2;0;12;5;1;24;12;5;48;18;-43;16;-5;0;0;0;3;0;2;0
argentina;costa_do_marfim;1;2006;19;33;26;77;89;82;21;34;27;77;90;82;2;34;18;10;4;4;29;17;12;0;6;14;25;20;4;6;5;2;7;5;5;12;7;18;24;20;16;37;26;-17;8;-5;0;0;0;1;0;0;0;19;29;23;47;88;69;20;31;24;55;85;71;1;22;10;7;1;2;20;7;13;0;25;4;21;12;1;6;3;0;5;2;0;8;4;3;26;12;7;27;14;-24;14;-2;0;0;0;2;0;1;0
servia;holanda;0;2006;21;34;26;67;87;76;17;34;26;66;85;74;1;22;10;6;4;0;16;1;15;0;38;0;25;11;0;8;3;0;6;2;0;12;5;1;24;12;5;48;18;-43;16;-5;0;0;0;1;0;1;0;19;36;26;73;88;81;18;39;28;73;89;79;1;32;12;10;2;0;27;3;24;0;38;0;25;11;0;8;3;0;6;2;0;12;5;1;24;12;5;48;18;-43;16;-5;0;0;0;2;0;2;0
mexico;ira;1;2006;19;33;26;71;82;76;21;37;27;71;87;76;1;22;10;7;1;2;22;9;13;0;2;2;11;6;0;3;1;2;2;2;5;8;6;4;16;10;18;21;19;-17;-2;-9;0;0;0;2;0;1;0;23;30;26;66;81;73;27;27;27;80;80;80;2;13;6;4;1;1;7;3;4;0;4;3;5;4;1;1;1;0;2;1;3;5;4;4;7;5;7;13;10;-9;-3;-5;0;0;0;1;0;0;0
angola;portugal;0;2006;20;29;24;60;76;69;27;33;30;61;76;69;1;21;10;6;3;1;12;6;6;0;25;4;21;12;1;6;3;0;5;2;0;8;4;3;26;12;7;27;14;-24;14;-2;0;0;0;1;0;0;0;20;33;26;72;89;79;19;37;28;70;86;78;1;30;12;9;3;0;35;5;30;0;38;0;25;11;0;8;3;0;6;2;0;12;5;1;24;12;5;48;18;-43;16;-5;0;0;0;2;0;2;0
australia;japao;1;2006;21;34;27;57;86;71;19;36;26;57;82;68;1;13;5;4;1;0;21;3;18;0;5;3;10;6;1;3;1;0;1;0;1;4;2;2;17;7;5;24;10;-22;12;-3;0;0;1;4;0;3;0;18;27;23;65;78;71;25;28;26;75;82;78;1;15;6;5;0;1;9;4;5;0;4;3;5;4;1;1;1;0;2;1;3;5;4;4;7;5;7;13;10;-9;-3;-5;0;0;0;1;0;0;0
estados_unidos;republica_tcheca;0;2006;21;36;27;67;82;73;17;36;28;65;85;74;2;22;10;7;1;2;16;6;10;0;2;2;11;6;0;3;1;2;2;2;5;8;6;4;16;10;18;21;19;-17;-2;-9;0;0;0;1;0;1;0;21;33;27;66;85;74;24;36;28;67;90;75;2;27;12;9;0;3;35;12;23;0;38;0;25;11;0;8;3;0;6;2;0;12;5;1;24;12;5;48;18;-43;16;-5;0;0;0;2;1;1;0
italia;gana;1;2006;24;36;29;79;89;83;22;38;29;80;92;84;1;23;10;7;2;1;17;8;9;0;38;0;25;11;0;8;3;0;6;2;0;12;5;1;24;12;5;48;18;-43;16;-5;0;0;0;1;0;0;0;20;32;24;55;88;67;21;33;27;59;84;70;1;21;10;6;3;1;17;4;13;0;25;4;21;12;1;6;3;0;5;2;0;8;4;3;26;12;7;27;14;-24;14;-2;0;0;0;1;0;1;0
coreia_do_sul;togo;1;2006;20;32;26;68;81;73;20;36;27;67;83;72;2;10;6;3;1;2;9;5;4;0;4;3;5;4;1;1;1;0;2;1;3;5;4;4;7;5;7;13;10;-9;-3;-5;0;0;0;1;0;0;0;22;33;26;63;82;72;18;28;24;57;71;65;1;23;10;7;2;1;20;8;12;0;25;4;21;12;1;6;3;0;5;2;0;8;4;3;26;12;7;27;14;-24;14;-2;0;0;0;2;0;1;0
franca;suica;0;2006;23;33;28;79;91;84;21;37;27;78;92;83;1;20;10;5;5;0;14;2;12;0;38;0;25;11;0;8;3;0;6;2;0;12;5;1;24;12;5;48;18;-43;16;-5;0;0;0;1;0;1;0;18;35;25;65;85;75;19;35;25;63;86;72;2;18;10;4;6;0;18;7;11;0;38;0;25;11;0;8;3;0;6;2;0;12;5;1;24;12;5;48;18;-43;16;-5;0;0;0;1;0;1;0
brasil;croacia;1;2006;20;35;27;81;90;84;21;36;28;80;93;85;1;34;18;9;7;2;35;17;18;0;6;14;25;20;4;6;5;2;7;5;5;12;7;18;24;20;16;37;26;-17;8;-5;0;0;0;1;0;1;0;20;33;25;61;85;73;19;39;27;62;84;72;1;24;10;7;3;0;21;5;16;0;38;0;25;11;0;8;3;0;6;2;0;12;5;1;24;12;5;48;18;-43;16;-5;0;0;0;2;0;1;0
espanha;ucrania;1;2006;19;32;26;78;90;83;20;37;27;79;90;83;2;20;10;5;5;0;19;3;16;0;38;0;25;11;0;8;3;0;6;2;0;12;5;1;24;12;5;48;18;-43;16;-5;0;0;0;1;0;1;0;19;32;26;59;89;73;19;33;26;57;81;71;1;25;12;7;4;1;18;7;11;0;38;0;25;11;0;8;3;0;6;2;0;12;5;1;24;12;5;48;18;-43;16;-5;0;0;0;1;0;0;0
tunisia;arabia_saudita;0;2006;19;31;25;57;80;70;19;40;27;54;76;66;1;21;10;6;3;1;25;9;16;0;25;4;21;12;1;6;3;0;5;2;0;8;4;3;26;12;7;27;14;-24;14;-2;0;0;0;2;0;1;0;0;0;0;0;0;0;0;0;0;0;0;0;1;14;6;4;2;0;10;1;9;0;4;3;5;4;1;1;1;0;2;1;3;5;4;4;7;5;7;13;10;-9;-3;-5;0;0;0;1;0;1;0
alemanha;polonia;1;2006;21;34;26;77;89;82;21;37;28;76;90;81;1;22;10;6;2;1;19;7;12;0;38;0;25;11;0;8;3;0;6;2;0;12;5;1;24;12;5;48;18;-43;16;-5;0;0;0;1;0;1;1;20;36;26;68;80;72;19;36;28;67;82;73;2;24;10;8;0;2;27;9;18;0;38;0;25;11;0;8;3;0;6;2;0;12;5;1;24;12;5;48;18;-43;16;-5;0;0;0;2;0;1;0
equador;costa_rica;1;2006;20;34;26;64;82;72;24;32;26;59;78;68;3;28;18;8;4;6;23;19;4;0;6;14;25;20;4;6;5;2;7;5;5;12;7;18;24;20;16;37;26;-17;8;-5;0;0;0;1;1;0;0;19;28;23;58;77;65;23;29;26;62;73;66;3;16;10;5;1;4;15;14;1;0;2;2;11;6;0;3;1;2;2;2;5;8;6;4;16;10;18;21;19;-17;-2;-9;0;0;0;1;1;0;0
inglaterra;trindade_e_tobago;1;2006;19;34;25;77;92;82;20;36;26;77;90;83;1;25;10;8;1;1;17;5;12;0;38;0;25;11;0;8;3;0;6;2;0;12;5;1;24;12;5;48;18;-43;16;-5;0;0;0;1;0;1;0;21;29;24;53;73;63;29;38;32;55;72;66;4;13;10;4;1;5;10;15;-5;0;2;2;11;6;0;3;1;2;2;2;5;8;6;4;16;10;18;21;19;-17;-2;-9;0;0;1;1;1;0;0
suecia;paraguai;1;2006;20;34;27;66;88;73;21;40;27;66;86;73;2;24;10;8;0;2;30;4;26;0;38;0;25;11;0;8;3;0;6;2;0;12;5;1;24;12;5;48;18;-43;16;-5;0;0;0;3;0;2;0;18;35;24;63;84;76;18;33;26;63;82;73;4;28;18;8;4;6;23;23;0;0;6;14;25;20;4;6;5;2;7;5;5;12;7;18;24;20;16;37;26;-17;8;-5;0;0;0;1;1;0;0
argentina;servia;1;2006;19;33;26;77;89;82;21;34;27;77;90;82;2;34;18;10;4;4;29;17;12;0;6;14;25;20;4;6;5;2;7;5;5;12;7;18;24;20;16;37;26;-17;8;-5;0;0;0;1;0;0;0;21;34;26;67;87;76;17;34;26;66;85;74;1;22;10;6;4;0;16;1;15;0;38;0;25;11;0;8;3;0;6;2;0;12;5;1;24;12;5;48;18;-43;16;-5;0;0;0;1;0;1;0
holanda;costa_do_marfim;1;2006;19;36;26;73;88;81;18;39;28;73;89;79;1;32;12;10;2;0;27;3;24;0;38;0;25;11;0;8;3;0;6;2;0;12;5;1;24;12;5;48;18;-43;16;-5;0;0;0;2;0;2;0;19;29;23;47;88;69;20;31;24;55;85;71;1;22;10;7;1;2;20;7;13;0;25;4;21;12;1;6;3;0;5;2;0;8;4;3;26;12;7;27;14;-24;14;-2;0;0;0;2;0;1;0
mexico;angola;0;2006;19;33;26;71;82;76;21;37;27;71;87;76;1;22;10;7;1;2;22;9;13;0;2;2;11;6;0;3;1;2;2;2;5;8;6;4;16;10;18;21;19;-17;-2;-9;0;0;0;2;0;1;0;20;29;24;60;76;69;27;33;30;61;76;69;1;21;10;6;3;1;12;6;6;0;25;4;21;12;1;6;3;0;5;2;0;8;4;3;26;12;7;27;14;-24;14;-2;0;0;0;1;0;0;0
portugal;ira;1;2006;20;33;26;72;89;79;19;37;28;70;86;78;1;30;12;9;3;0;35;5;30;0;38;0;25;11;0;8;3;0;6;2;0;12;5;1;24;12;5;48;18;-43;16;-5;0;0;0;2;0;2;0;23;30;26;66;81;73;27;27;27;80;80;80;2;13;6;4;1;1;7;3;4;0;4;3;5;4;1;1;1;0;2;1;3;5;4;4;7;5;7;13;10;-9;-3;-5;0;0;0;1;0;0;0
republica_tcheca;gana;0;2006;21;33;27;66;85;74;24;36;28;67;90;75;2;27;12;9;0;3;35;12;23;0;38;0;25;11;0;8;3;0;6;2;0;12;5;1;24;12;5;48;18;-43;16;-5;0;0;0;2;1;1;0;20;32;24;55;88;67;21;33;27;59;84;70;1;21;10;6;3;1;17;4;13;0;25;4;21;12;1;6;3;0;5;2;0;8;4;3;26;12;7;27;14;-24;14;-2;0;0;0;1;0;1;0
italia;estados_unidos;0;2006;24;36;29;79;89;83;22;38;29;80;92;84;1;23;10;7;2;1;17;8;9;0;38;0;25;11;0;8;3;0;6;2;0;12;5;1;24;12;5;48;18;-43;16;-5;0;0;0;1;0;0;0;21;36;27;67;82;73;17;36;28;65;85;74;2;22;10;7;1;2;16;6;10;0;2;2;11;6;0;3;1;2;2;2;5;8;6;4;16;10;18;21;19;-17;-2;-9;0;0;0;1;0;1;0
japao;croacia;0;2006;18;27;23;65;78;71;25;28;26;75;82;78;1;15;6;5;0;1;9;4;5;0;4;3;5;4;1;1;1;0;2;1;3;5;4;4;7;5;7;13;10;-9;-3;-5;0;0;0;1;0;0;0;20;33;25;61;85;73;19;39;27;62;84;72;1;24;10;7;3;0;21;5;16;0;38;0;25;11;0;8;3;0;6;2;0;12;5;1;24;12;5;48;18;-43;16;-5;0;0;0;2;0;1;0
brasil;australia;1;2006;20;35;27;81;90;84;21;36;28;80;93;85;1;34;18;9;7;2;35;17;18;0;6;14;25;20;4;6;5;2;7;5;5;12;7;18;24;20;16;37;26;-17;8;-5;0;0;0;1;0;1;0;21;34;27;57;86;71;19;36;26;57;82;68;1;13;5;4;1;0;21;3;18;0;5;3;10;6;1;3;1;0;1;0;1;4;2;2;17;7;5;24;10;-22;12;-3;0;0;1;4;0;3;0
franca;coreia_do_sul;0;2006;23;33;28;79;91;84;21;37;27;78;92;83;1;20;10;5;5;0;14;2;12;0;38;0;25;11;0;8;3;0;6;2;0;12;5;1;24;12;5;48;18;-43;16;-5;0;0;0;1;0;1;0;20;32;26;68;81;73;20;36;27;67;83;72;2;10;6;3;1;2;9;5;4;0;4;3;5;4;1;1;1;0;2;1;3;5;4;4;7;5;7;13;10;-9;-3;-5;0;0;0;1;0;0;0
togo;suica;0;2006;22;33;26;63;82;72;18;28;24;57;71;65;1;23;10;7;2;1;20;8;12;0;25;4;21;12;1;6;3;0;5;2;0;8;4;3;26;12;7;27;14;-24;14;-2;0;0;0;2;0;1;0;18;35;25;65;85;75;19;35;25;63;86;72;2;18;10;4;6;0;18;7;11;0;38;0;25;11;0;8;3;0;6;2;0;12;5;1;24;12;5;48;18;-43;16;-5;0;0;0;1;0;1;0
arabia_saudita;ucrania;0;2006;0;0;0;0;0;0;0;0;0;0;0;0;1;14;6;4;2;0;10;1;9;0;4;3;5;4;1;1;1;0;2;1;3;5;4;4;7;5;7;13;10;-9;-3;-5;0;0;0;1;0;1;0;19;32;26;59;89;73;19;33;26;57;81;71;1;25;12;7;4;1;18;7;11;0;38;0;25;11;0;8;3;0;6;2;0;12;5;1;24;12;5;48;18;-43;16;-5;0;0;0;1;0;0;0
espanha;tunisia;1;2006;19;32;26;78;90;83;20;37;27;79;90;83;2;20;10;5;5;0;19;3;16;0;38;0;25;11;0;8;3;0;6;2;0;12;5;1;24;12;5;48;18;-43;16;-5;0;0;0;1;0;1;0;19;31;25;57;80;70;19;40;27;54;76;66;1;21;10;6;3;1;25;9;16;0;25;4;21;12;1;6;3;0;5;2;0;8;4;3;26;12;7;27;14;-24;14;-2;0;0;0;2;0;1;0
costa_rica;polonia;0;2006;19;28;23;58;77;65;23;29;26;62;73;66;3;16;10;5;1;4;15;14;1;0;2;2;11;6;0;3;1;2;2;2;5;8;6;4;16;10;18;21;19;-17;-2;-9;0;0;0;1;1;0;0;20;36;26;68;80;72;19;36;28;67;82;73;2;24;10;8;0;2;27;9;18;0;38;0;25;11;0;8;3;0;6;2;0;12;5;1;24;12;5;48;18;-43;16;-5;0;0;0;2;0;1;0
equador;alemanha;0;2006;20;34;26;64;82;72;24;32;26;59;78;68;3;28;18;8;4;6;23;19;4;0;6;14;25;20;4;6;5;2;7;5;5;12;7;18;24;20;16;37;26;-17;8;-5;0;0;0;1;1;0;0;21;34;26;77;89;82;21;37;28;76;90;81;1;22;10;6;2;1;19;7;12;0;38;0;25;11;0;8;3;0;6;2;0;12;5;1;24;12;5;48;18;-43;16;-5;0;0;0;1;0;1;1
paraguai;trindade_e_tobago;1;2006;18;35;24;63;84;76;18;33;26;63;82;73;4;28;18;8;4;6;23;23;0;0;6;14;25;20;4;6;5;2;7;5;5;12;7;18;24;20;16;37;26;-17;8;-5;0;0;0;1;1;0;0;21;29;24;53;73;63;29;38;32;55;72;66;4;13;10;4;1;5;10;15;-5;0;2;2;11;6;0;3;1;2;2;2;5;8;6;4;16;10;18;21;19;-17;-2;-9;0;0;1;1;1;0;0
suecia;inglaterra;0;2006;20;34;27;66;88;73;21;40;27;66;86;73;2;24;10;8;0;2;30;4;26;0;38;0;25;11;0;8;3;0;6;2;0;12;5;1;24;12;5;48;18;-43;16;-5;0;0;0;3;0;2;0;19;34;25;77;92;82;20;36;26;77;90;83;1;25;10;8;1;1;17;5;12;0;38;0;25;11;0;8;3;0;6;2;0;12;5;1;24;12;5;48;18;-43;16;-5;0;0;0;1;0;1;0
ira;angola;0;2006;23;30;26;66;81;73;27;27;27;80;80;80;2;13;6;4;1;1;7;3;4;0;4;3;5;4;1;1;1;0;2;1;3;5;4;4;7;5;7;13;10;-9;-3;-5;0;0;0;1;0;0;0;20;29;24;60;76;69;27;33;30;61;76;69;1;21;10;6;3;1;12;6;6;0;25;4;21;12;1;6;3;0;5;2;0;8;4;3;26;12;7;27;14;-24;14;-2;0;0;0;1;0;0;0
portugal;mexico;1;2006;20;33;26;72;89;79;19;37;28;70;86;78;1;30;12;9;3;0;35;5;30;0;38;0;25;11;0;8;3;0;6;2;0;12;5;1;24;12;5;48;18;-43;16;-5;0;0;0;2;0;2;0;19;33;26;71;82;76;21;37;27;71;87;76;1;22;10;7;1;2;22;9;13;0;2;2;11;6;0;3;1;2;2;2;5;8;6;4;16;10;18;21;19;-17;-2;-9;0;0;0;2;0;1;0
costa_do_marfim;servia;1;2006;19;29;23;47;88;69;20;31;24;55;85;71;1;22;10;7;1;2;20;7;13;0;25;4;21;12;1;6;3;0;5;2;0;8;4;3;26;12;7;27;14;-24;14;-2;0;0;0;2;0;1;0;21;34;26;67;87;76;17;34;26;66;85;74;1;22;10;6;4;0;16;1;15;0;38;0;25;11;0;8;3;0;6;2;0;12;5;1;24;12;5;48;18;-43;16;-5;0;0;0;1;0;1;0
holanda;argentina;0;2006;19;36;26;73;88;81;18;39;28;73;89;79;1;32;12;10;2;0;27;3;24;0;38;0;25;11;0;8;3;0;6;2;0;12;5;1;24;12;5;48;18;-43;16;-5;0;0;0;2;0;2;0;19;33;26;77;89;82;21;34;27;77;90;82;2;34;18;10;4;4;29;17;12;0;6;14;25;20;4;6;5;2;7;5;5;12;7;18;24;20;16;37;26;-17;8;-5;0;0;0;1;0;0;0
republica_tcheca;italia;0;2006;21;33;27;66;85;74;24;36;28;67;90;75;2;27;12;9;0;3;35;12;23;0;38;0;25;11;0;8;3;0;6;2;0;12;5;1;24;12;5;48;18;-43;16;-5;0;0;0;2;1;1;0;24;36;29;79;89;83;22;38;29;80;92;84;1;23;10;7;2;1;17;8;9;0;38;0;25;11;0;8;3;0;6;2;0;12;5;1;24;12;5;48;18;-43;16;-5;0;0;0;1;0;0;0
gana;estados_unidos;1;2006;20;32;24;55;88;67;21;33;27;59;84;70;1;21;10;6;3;1;17;4;13;0;25;4;21;12;1;6;3;0;5;2;0;8;4;3;26;12;7;27;14;-24;14;-2;0;0;0;1;0;1;0;21;36;27;67;82;73;17;36;28;65;85;74;2;22;10;7;1;2;16;6;10;0;2;2;11;6;0;3;1;2;2;2;5;8;6;4;16;10;18;21;19;-17;-2;-9;0;0;0;1;0;1;0
croacia;australia;0;2006;20;33;25;61;85;73;19;39;27;62;84;72;1;24;10;7;3;0;21;5;16;0;38;0;25;11;0;8;3;0;6;2;0;12;5;1;24;12;5;48;18;-43;16;-5;0;0;0;2;0;1;0;21;34;27;57;86;71;19;36;26;57;82;68;1;13;5;4;1;0;21;3;18;0;5;3;10;6;1;3;1;0;1;0;1;4;2;2;17;7;5;24;10;-22;12;-3;0;0;1;4;0;3;0
japao;brasil;0;2006;18;27;23;65;78;71;25;28;26;75;82;78;1;15;6;5;0;1;9;4;5;0;4;3;5;4;1;1;1;0;2;1;3;5;4;4;7;5;7;13;10;-9;-3;-5;0;0;0;1;0;0;0;20;35;27;81;90;84;21;36;28;80;93;85;1;34;18;9;7;2;35;17;18;0;6;14;25;20;4;6;5;2;7;5;5;12;7;18;24;20;16;37;26;-17;8;-5;0;0;0;1;0;1;0
arabia_saudita;espanha;0;2006;0;0;0;0;0;0;0;0;0;0;0;0;1;14;6;4;2;0;10;1;9;0;4;3;5;4;1;1;1;0;2;1;3;5;4;4;7;5;7;13;10;-9;-3;-5;0;0;0;1;0;1;0;19;32;26;78;90;83;20;37;27;79;90;83;2;20;10;5;5;0;19;3;16;0;38;0;25;11;0;8;3;0;6;2;0;12;5;1;24;12;5;48;18;-43;16;-5;0;0;0;1;0;1;0
ucrania;tunisia;1;2006;19;32;26;59;89;73;19;33;26;57;81;71;1;25;12;7;4;1;18;7;11;0;38;0;25;11;0;8;3;0;6;2;0;12;5;1;24;12;5;48;18;-43;16;-5;0;0;0;1;0;0;0;19;31;25;57;80;70;19;40;27;54;76;66;1;21;10;6;3;1;25;9;16;0;25;4;21;12;1;6;3;0;5;2;0;8;4;3;26;12;7;27;14;-24;14;-2;0;0;0;2;0;1;0
suica;coreia_do_sul;1;2006;18;35;25;65;85;75;19;35;25;63;86;72;2;18;10;4;6;0;18;7;11;0;38;0;25;11;0;8;3;0;6;2;0;12;5;1;24;12;5;48;18;-43;16;-5;0;0;0;1;0;1;0;20;32;26;68;81;73;20;36;27;67;83;72;2;10;6;3;1;2;9;5;4;0;4;3;5;4;1;1;1;0;2;1;3;5;4;4;7;5;7;13;10;-9;-3;-5;0;0;0;1;0;0;0
togo;franca;0;2006;22;33;26;63;82;72;18;28;24;57;71;65;1;23;10;7;2;1;20;8;12;0;25;4;21;12;1;6;3;0;5;2;0;8;4;3;26;12;7;27;14;-24;14;-2;0;0;0;2;0;1;0;23;33;28;79;91;84;21;37;27;78;92;83;1;20;10;5;5;0;14;2;12;0;38;0;25;11;0;8;3;0;6;2;0;12;5;1;24;12;5;48;18;-43;16;-5;0;0;0;1;0;1;0
alemanha;suecia;1;2006;21;34;26;77;89;82;21;37;28;76;90;81;1;22;10;6;2;1;19;7;12;0;38;0;25;11;0;8;3;0;6;2;0;12;5;1;24;12;5;48;18;-43;16;-5;0;0;0;1;0;1;1;20;34;27;66;88;73;21;40;27;66;86;73;2;24;10;8;0;2;30;4;26;0;38;0;25;11;0;8;3;0;6;2;0;12;5;1;24;12;5;48;18;-43;16;-5;0;0;0;3;0;2;0
argentina;mexico;1;2006;19;33;26;77;89;82;21;34;27;77;90;82;2;34;18;10;4;4;29;17;12;0;6;14;25;20;4;6;5;2;7;5;5;12;7;18;24;20;16;37;26;-17;8;-5;0;0;0;1;0;0;0;19;33;26;71;82;76;21;37;27;71;87;76;1;22;10;7;1;2;22;9;13;0;2;2;11;6;0;3;1;2;2;2;5;8;6;4;16;10;18;21;19;-17;-2;-9;0;0;0;2;0;1;0
inglaterra;equador;1;2006;19;34;25;77;92;82;20;36;26;77;90;83;1;25;10;8;1;1;17;5;12;0;38;0;25;11;0;8;3;0;6;2;0;12;5;1;24;12;5;48;18;-43;16;-5;0;0;0;1;0;1;0;20;34;26;64;82;72;24;32;26;59;78;68;3;28;18;8;4;6;23;19;4;0;6;14;25;20;4;6;5;2;7;5;5;12;7;18;24;20;16;37;26;-17;8;-5;0;0;0;1;1;0;0
portugal;holanda;1;2006;20;33;26;72;89;79;19;37;28;70;86;78;1;30;12;9;3;0;35;5;30;0;38;0;25;11;0;8;3;0;6;2;0;12;5;1;24;12;5;48;18;-43;16;-5;0;0;0;2;0;2;0;19;36;26;73;88;81;18;39;28;73;89;79;1;32;12;10;2;0;27;3;24;0;38;0;25;11;0;8;3;0;6;2;0;12;5;1;24;12;5;48;18;-43;16;-5;0;0;0;2;0;2;0
italia;australia;1;2006;24;36;29;79;89;83;22;38;29;80;92;84;1;23;10;7;2;1;17;8;9;0;38;0;25;11;0;8;3;0;6;2;0;12;5;1;24;12;5;48;18;-43;16;-5;0;0;0;1;0;0;0;21;34;27;57;86;71;19;36;26;57;82;68;1;13;5;4;1;0;21;3;18;0;5;3;10;6;1;3;1;0;1;0;1;4;2;2;17;7;5;24;10;-22;12;-3;0;0;1;4;0;3;0
suica;ucrania;0;2006;18;35;25;65;85;75;19;35;25;63;86;72;2;18;10;4;6;0;18;7;11;0;38;0;25;11;0;8;3;0;6;2;0;12;5;1;24;12;5;48;18;-43;16;-5;0;0;0;1;0;1;0;19;32;26;59;89;73;19;33;26;57;81;71;1;25;12;7;4;1;18;7;11;0;38;0;25;11;0;8;3;0;6;2;0;12;5;1;24;12;5;48;18;-43;16;-5;0;0;0;1;0;0;0
brasil;gana;1;2006;20;35;27;81;90;84;21;36;28;80;93;85;1;34;18;9;7;2;35;17;18;0;6;14;25;20;4;6;5;2;7;5;5;12;7;18;24;20;16;37;26;-17;8;-5;0;0;0;1;0;1;0;20;32;24;55;88;67;21;33;27;59;84;70;1;21;10;6;3;1;17;4;13;0;25;4;21;12;1;6;3;0;5;2;0;8;4;3;26;12;7;27;14;-24;14;-2;0;0;0;1;0;1;0
espanha;franca;0;2006;19;32;26;78;90;83;20;37;27;79;90;83;2;20;10;5;5;0;19;3;16;0;38;0;25;11;0;8;3;0;6;2;0;12;5;1;24;12;5;48;18;-43;16;-5;0;0;0;1;0;1;0;23;33;28;79;91;84;21;37;27;78;92;83;1;20;10;5;5;0;14;2;12;0;38;0;25;11;0;8;3;0;6;2;0;12;5;1;24;12;5;48;18;-43;16;-5;0;0;0;1;0;1;0
alemanha;argentina;1;2006;21;34;26;77;89;82;21;37;28;76;90;81;1;22;10;6;2;1;19;7;12;0;38;0;25;11;0;8;3;0;6;2;0;12;5;1;24;12;5;48;18;-43;16;-5;0;0;0;1;0;1;1;19;33;26;77;89;82;21;34;27;77;90;82;2;34;18;10;4;4;29;17;12;0;6;14;25;20;4;6;5;2;7;5;5;12;7;18;24;20;16;37;26;-17;8;-5;0;0;0;1;0;0;0
italia;ucrania;1;2006;24;36;29;79;89;83;22;38;29;80;92;84;1;23;10;7;2;1;17;8;9;0;38;0;25;11;0;8;3;0;6;2;0;12;5;1;24;12;5;48;18;-43;16;-5;0;0;0;1;0;0;0;19;32;26;59;89;73;19;33;26;57;81;71;1;25;12;7;4;1;18;7;11;0;38;0;25;11;0;8;3;0;6;2;0;12;5;1;24;12;5;48;18;-43;16;-5;0;0;0;1;0;0;0
inglaterra;portugal;0;2006;19;34;25;77;92;82;20;36;26;77;90;83;1;25;10;8;1;1;17;5;12;0;38;0;25;11;0;8;3;0;6;2;0;12;5;1;24;12;5;48;18;-43;16;-5;0;0;0;1;0;1;0;20;33;26;72;89;79;19;37;28;70;86;78;1;30;12;9;3;0;35;5;30;0;38;0;25;11;0;8;3;0;6;2;0;12;5;1;24;12;5;48;18;-43;16;-5;0;0;0;2;0;2;0
brasil;franca;0;2006;20;35;27;81;90;84;21;36;28;80;93;85;1;34;18;9;7;2;35;17;18;0;6;14;25;20;4;6;5;2;7;5;5;12;7;18;24;20;16;37;26;-17;8;-5;0;0;0;1;0;1;0;23;33;28;79;91;84;21;37;27;78;92;83;1;20;10;5;5;0;14;2;12;0;38;0;25;11;0;8;3;0;6;2;0;12;5;1;24;12;5;48;18;-43;16;-5;0;0;0;1;0;1;0
alemanha;italia;0;2006;21;34;26;77;89;82;21;37;28;76;90;81;1;22;10;6;2;1;19;7;12;0;38;0;25;11;0;8;3;0;6;2;0;12;5;1;24;12;5;48;18;-43;16;-5;0;0;0;1;0;1;1;24;36;29;79;89;83;22;38;29;80;92;84;1;23;10;7;2;1;17;8;9;0;38;0;25;11;0;8;3;0;6;2;0;12;5;1;24;12;5;48;18;-43;16;-5;0;0;0;1;0;0;0
portugal;franca;0;2006;20;33;26;72;89;79;19;37;28;70;86;78;1;30;12;9;3;0;35;5;30;0;38;0;25;11;0;8;3;0;6;2;0;12;5;1;24;12;5;48;18;-43;16;-5;0;0;0;2;0;2;0;23;33;28;79;91;84;21;37;27;78;92;83;1;20;10;5;5;0;14;2;12;0;38;0;25;11;0;8;3;0;6;2;0;12;5;1;24;12;5;48;18;-43;16;-5;0;0;0;1;0;1;0
alemanha;portugal;1;2006;21;34;26;77;89;82;21;37;28;76;90;81;1;22;10;6;2;1;19;7;12;0;38;0;25;11;0;8;3;0;6;2;0;12;5;1;24;12;5;48;18;-43;16;-5;0;0;0;1;0;1;1;20;33;26;72;89;79;19;37;28;70;86;78;1;30;12;9;3;0;35;5;30;0;38;0;25;11;0;8;3;0;6;2;0;12;5;1;24;12;5;48;18;-43;16;-5;0;0;0;2;0;2;0
italia;franca;1;2006;24;36;29;79;89;83;22;38;29;80;92;84;1;23;10;7;2;1;17;8;9;0;38;0;25;11;0;8;3;0;6;2;0;12;5;1;24;12;5;48;18;-43;16;-5;0;0;0;1;0;0;0;23;33;28;79;91;84;21;37;27;78;92;83;1;20;10;5;5;0;14;2;12;0;38;0;25;11;0;8;3;0;6;2;0;12;5;1;24;12;5;48;18;-43;16;-5;0;0;0;1;0;1;0
africa_do_sul;mexico;0;2010;19;32;25;62;81;69;23;38;28;62;77;68;1;20;10;6;2;1;18;7;10;0;15;1;13;6;0;4;1;0;3;1;1;5;2;1;10;5;4;14;7;-7;5;-2;0;0;0;1;0;1;1;20;37;25;73;85;76;22;36;27;72;83;75;2;19;10;6;1;3;18;12;6;0;3;6;16;10;1;5;2;1;3;2;4;6;5;9;15;11;15;22;17;-12;0;-6;0;0;0;1;1;0;0
uruguai;franca;0;2010;20;36;26;70;87;77;21;34;26;72;83;75;5;24;18;6;6;6;28;20;8;0;5;13;23;19;3;6;5;3;5;4;7;11;8;11;23;18;18;36;28;-23;-4;-10;0;0;1;1;1;0;0;21;34;26;80;88;83;23;37;28;78;88;82;2;21;10;6;3;1;18;9;9;0;40;0;22;10;0;7;2;0;6;2;0;10;4;0;25;11;5;47;15;-46;15;-4;0;0;0;1;0;0;0
coreia_do_sul;grecia;1;2010;18;33;25;65;81;72;23;40;28;66;76;69;1;16;8;4;4;0;12;4;8;0;6;1;12;7;0;3;1;1;5;2;1;7;4;5;8;6;7;17;10;-11;1;-4;0;0;0;1;0;1;0;19;35;25;68;83;75;18;38;26;67;80;74;2;20;10;6;2;2;20;10;10;0;40;0;22;10;0;7;2;0;6;2;0;10;4;0;25;11;5;47;15;-46;15;-4;0;0;0;2;1;1;0
argentina;nigeria;1;2010;21;37;26;76;92;82;23;33;28;78;86;81;4;28;18;8;4;6;23;20;3;0;5;13;23;19;3;6;5;3;5;4;7;11;8;11;23;18;18;36;28;-23;-4;-10;0;0;0;1;1;0;0;19;35;23;64;84;72;19;32;25;69;81;73;1;12;6;3;3;0;9;4;5;0;15;1;13;6;0;4;1;0;3;1;1;5;2;1;10;5;4;14;7;-7;5;-2;0;0;0;1;0;0;0
inglaterra;estados_unidos;0;2010;19;35;27;77;89;82;22;40;27;78;88;81;1;27;10;9;0;1;34;6;28;0;40;0;22;10;0;7;2;0;6;2;0;10;4;0;25;11;5;47;15;-46;15;-4;0;0;0;3;0;2;0;19;38;26;67;83;73;21;40;29;68;84;73;1;20;10;6;2;2;19;13;6;0;3;6;16;10;1;5;2;1;3;2;4;6;5;9;15;11;15;22;17;-12;0;-6;0;0;0;1;1;0;0
argelia;eslovenia;0;2010;18;36;25;63;80;72;21;31;25;62;75;68;1;13;6;4;1;1;9;4;5;0;15;1;13;6;0;4;1;0;3;1;1;5;2;1;10;5;4;14;7;-7;5;-2;0;0;0;1;0;0;0;18;33;24;58;81;71;17;32;25;55;78;68;2;20;10;6;2;2;18;4;14;0;40;0;22;10;0;7;2;0;6;2;0;10;4;0;25;11;5;47;15;-46;15;-4;0;0;0;1;0;1;0
servia;gana;0;2010;18;37;26;68;86;76;20;34;26;69;88;75;1;22;10;7;1;2;22;8;14;0;40;0;22;10;0;7;2;0;6;2;0;10;4;0;25;11;5;47;15;-46;15;-4;0;0;0;2;0;1;0;17;34;24;61;87;71;20;34;25;67;80;70;1;13;6;4;1;1;9;3;6;0;15;1;13;6;0;4;1;0;3;1;1;5;2;1;10;5;4;14;7;-7;5;-2;0;0;0;1;0;1;0
alemanha;australia;1;2010;20;33;25;76;86;80;21;37;26;76;87;81;1;26;10;8;2;0;26;5;21;0;40;0;22;10;0;7;2;0;6;2;0;10;4;0;25;11;5;47;15;-46;15;-4;0;0;0;2;0;2;0;18;34;27;64;82;71;21;37;28;65;82;70;1;20;8;6;2;0;12;1;11;0;6;1;12;7;0;3;1;1;5;2;1;7;4;5;8;6;7;17;10;-11;1;-4;0;0;0;1;0;1;0
holanda;dinamarca;1;2010;18;37;25;72;88;79;22;39;28;73;86;77;1;24;8;8;0;0;17;2;15;0;40;0;22;10;0;7;2;0;6;2;0;10;4;0;25;11;5;47;15;-46;15;-4;1;1;0;2;0;1;0;18;34;26;69;82;74;20;35;27;68;84;74;1;21;10;6;3;1;16;5;11;0;40;0;22;10;0;7;2;0;6;2;0;10;4;0;25;11;5;47;15;-46;15;-4;0;0;0;1;0;1;0
japao;camaroes;1;2010;21;31;26;60;84;72;22;32;25;60;74;68;2;15;8;4;3;1;11;6;5;0;6;1;12;7;0;3;1;1;5;2;1;7;4;5;8;6;7;17;10;-11;1;-4;0;0;0;1;0;0;0;18;31;25;66;87;73;19;36;25;67;84;74;1;13;6;4;1;1;9;2;7;0;15;1;13;6;0;4;1;0;3;1;1;5;2;1;10;5;4;14;7;-7;5;-2;0;0;0;1;0;1;0
italia;paraguai;0;2010;20;35;28;77;86;82;19;37;28;78;88;81;1;24;10;7;3;0;18;7;11;0;40;0;22;10;0;7;2;0;6;2;0;10;4;0;25;11;5;47;15;-46;15;-4;0;0;0;1;0;1;0;19;32;24;55;83;72;21;34;27;66;77;71;3;33;18;10;3;5;24;16;8;0;5;13;23;19;3;6;5;3;5;4;7;11;8;11;23;18;18;36;28;-23;-4;-10;0;0;0;1;0;0;0
nova_zelandia;eslovaquia;0;2010;18;36;25;55;73;62;20;35;26;53;78;63;1;15;6;5;0;1;14;5;9;0;3;4;8;6;1;2;1;1;2;1;2;4;3;5;12;8;10;13;11;-8;2;-3;0;0;1;2;0;1;0;17;34;25;62;85;71;20;36;27;60;82;68;1;22;10;7;1;2;22;10;12;0;40;0;22;10;0;7;2;0;6;2;0;10;4;0;25;11;5;47;15;-46;15;-4;0;0;0;2;1;1;0
costa_do_marfim;portugal;0;2010;17;35;24;61;89;73;20;30;25;62;85;71;1;16;6;5;1;0;19;4;15;0;15;1;13;6;0;4;1;0;3;1;1;5;2;1;10;5;4;14;7;-7;5;-2;0;0;0;3;0;2;0;22;34;26;75;91;80;21;35;28;74;86;79;2;19;10;5;4;1;17;5;12;0;40;0;22;10;0;7;2;0;6;2;0;10;4;0;25;11;5;47;15;-46;15;-4;0;0;0;1;0;1;0
brasil;coreia_do_norte;1;2010;18;36;26;80;89;83;22;33;28;79;87;83;1;34;18;9;7;2;33;11;22;0;5;13;23;19;3;6;5;3;5;4;7;11;8;11;23;18;18;36;28;-23;-4;-10;0;0;0;1;0;1;0;26;28;27;73;77;75;20;35;27;68;82;74;2;12;8;3;3;2;7;5;2;0;6;1;12;7;0;3;1;1;5;2;1;7;4;5;8;6;7;17;10;-11;1;-4;0;0;0;0;0;0;0
honduras;chile;0;2010;17;30;25;63;79;73;24;28;26;67;75;71;3;16;10;5;1;4;17;11;6;0;3;6;16;10;1;5;2;1;3;2;4;6;5;9;15;11;15;22;17;-12;0;-6;0;0;0;1;1;0;0;21;38;26;68;83;76;25;31;27;61;79;72;2;33;18;10;3;5;32;22;10;0;5;13;23;19;3;6;5;3;5;4;7;11;8;11;23;18;18;36;28;-23;-4;-10;0;0;0;1;1;0;0
espanha;suica;0;2010;20;34;25;78;90;83;19;38;27;79;90;83;1;30;10;10;0;0;28;5;23;0;40;0;22;10;0;7;2;0;6;2;0;10;4;0;25;11;5;47;15;-46;15;-4;1;1;0;2;0;2;0;18;35;25;67;82;74;19;33;25;67;83;73;1;21;10;6;3;1;18;8;10;0;40;0;22;10;0;7;2;0;6;2;0;10;4;0;25;11;5;47;15;-46;15;-4;0;0;0;1;0;1;0
africa_do_sul;uruguai;0;2010;19;32;25;62;81;69;23;38;28;62;77;68;1;20;10;6;2;1;18;7;10;0;15;1;13;6;0;4;1;0;3;1;1;5;2;1;10;5;4;14;7;-7;5;-2;0;0;0;1;0;1;1;20;36;26;70;87;77;21;34;26;72;83;75;5;24;18;6;6;6;28;20;8;0;5;13;23;19;3;6;5;3;5;4;7;11;8;11;23;18;18;36;28;-23;-4;-10;0;0;1;1;1;0;0
argentina;coreia_do_sul;1;2010;21;37;26;76;92;82;23;33;28;78;86;81;4;28;18;8;4;6;23;20;3;0;5;13;23;19;3;6;5;3;5;4;7;11;8;11;23;18;18;36;28;-23;-4;-10;0;0;0;1;1;0;0;18;33;25;65;81;72;23;40;28;66;76;69;1;16;8;4;4;0;12;4;8;0;6;1;12;7;0;3;1;1;5;2;1;7;4;5;8;6;7;17;10;-11;1;-4;0;0;0;1;0;1;0
grecia;nigeria;1;2010;19;35;25;68;83;75;18;38;26;67;80;74;2;20;10;6;2;2;20;10;10;0;40;0;22;10;0;7;2;0;6;2;0;10;4;0;25;11;5;47;15;-46;15;-4;0;0;0;2;1;1;0;19;35;23;64;84;72;19;32;25;69;81;73;1;12;6;3;3;0;9;4;5;0;15;1;13;6;0;4;1;0;3;1;1;5;2;1;10;5;4;14;7;-7;5;-2;0;0;0;1;0;0;0
franca;mexico;0;2010;21;34;26;80;88;83;23;37;28;78;88;82;2;21;10;6;3;1;18;9;9;0;40;0;22;10;0;7;2;0;6;2;0;10;4;0;25;11;5;47;15;-46;15;-4;0;0;0;1;0;0;0;20;37;25;73;85;76;22;36;27;72;83;75;2;19;10;6;1;3;18;12;6;0;3;6;16;10;1;5;2;1;3;2;4;6;5;9;15;11;15;22;17;-12;0;-6;0;0;0;1;1;0;0
alemanha;servia;0;2010;20;33;25;76;86;80;21;37;26;76;87;81;1;26;10;8;2;0;26;5;21;0;40;0;22;10;0;7;2;0;6;2;0;10;4;0;25;11;5;47;15;-46;15;-4;0;0;0;2;0;2;0;18;37;26;68;86;76;20;34;26;69;88;75;1;22;10;7;1;2;22;8;14;0;40;0;22;10;0;7;2;0;6;2;0;10;4;0;25;11;5;47;15;-46;15;-4;0;0;0;2;0;1;0
eslovenia;estados_unidos;0;2010;18;33;24;58;81;71;17;32;25;55;78;68;2;20;10;6;2;2;18;4;14;0;40;0;22;10;0;7;2;0;6;2;0;10;4;0;25;11;5;47;15;-46;15;-4;0;0;0;1;0;1;0;19;38;26;67;83;73;21;40;29;68;84;73;1;20;10;6;2;2;19;13;6;0;3;6;16;10;1;5;2;1;3;2;4;6;5;9;15;11;15;22;17;-12;0;-6;0;0;0;1;1;0;0
inglaterra;argelia;0;2010;19;35;27;77;89;82;22;40;27;78;88;81;1;27;10;9;0;1;34;6;28;0;40;0;22;10;0;7;2;0;6;2;0;10;4;0;25;11;5;47;15;-46;15;-4;0;0;0;3;0;2;0;18;36;25;63;80;72;21;31;25;62;75;68;1;13;6;4;1;1;9;4;5;0;15;1;13;6;0;4;1;0;3;1;1;5;2;1;10;5;4;14;7;-7;5;-2;0;0;0;1;0;0;0
holanda;japao;1;2010;18;37;25;72;88;79;22;39;28;73;86;77;1;24;8;8;0;0;17;2;15;0;40;0;22;10;0;7;2;0;6;2;0;10;4;0;25;11;5;47;15;-46;15;-4;1;1;0;2;0;1;0;21;31;26;60;84;72;22;32;25;60;74;68;2;15;8;4;3;1;11;6;5;0;6;1;12;7;0;3;1;1;5;2;1;7;4;5;8;6;7;17;10;-11;1;-4;0;0;0;1;0;0;0
gana;australia;0;2010;17;34;24;61;87;71;20;34;25;67;80;70;1;13;6;4;1;1;9;3;6;0;15;1;13;6;0;4;1;0;3;1;1;5;2;1;10;5;4;14;7;-7;5;-2;0;0;0;1;0;1;0;18;34;27;64;82;71;21;37;28;65;82;70;1;20;8;6;2;0;12;1;11;0;6;1;12;7;0;3;1;1;5;2;1;7;4;5;8;6;7;17;10;-11;1;-4;0;0;0;1;0;1;0
camaroes;dinamarca;0;2010;18;31;25;66;87;73;19;36;25;67;84;74;1;13;6;4;1;1;9;2;7;0;15;1;13;6;0;4;1;0;3;1;1;5;2;1;10;5;4;14;7;-7;5;-2;0;0;0;1;0;1;0;18;34;26;69;82;74;20;35;27;68;84;74;1;21;10;6;3;1;16;5;11;0;40;0;22;10;0;7;2;0;6;2;0;10;4;0;25;11;5;47;15;-46;15;-4;0;0;0;1;0;1;0
eslovaquia;paraguai;0;2010;17;34;25;62;85;71;20;36;27;60;82;68;1;22;10;7;1;2;22;10;12;0;40;0;22;10;0;7;2;0;6;2;0;10;4;0;25;11;5;47;15;-46;15;-4;0;0;0;2;1;1;0;19;32;24;55;83;72;21;34;27;66;77;71;3;33;18;10;3;5;24;16;8;0;5;13;23;19;3;6;5;3;5;4;7;11;8;11;23;18;18;36;28;-23;-4;-10;0;0;0;1;0;0;0
italia;nova_zelandia;0;2010;20;35;28;77;86;82;19;37;28;78;88;81;1;24;10;7;3;0;18;7;11;0;40;0;22;10;0;7;2;0;6;2;0;10;4;0;25;11;5;47;15;-46;15;-4;0;0;0;1;0;1;0;18;36;25;55;73;62;20;35;26;53;78;63;1;15;6;5;0;1;14;5;9;0;3;4;8;6;1;2;1;1;2;1;2;4;3;5;12;8;10;13;11;-8;2;-3;0;0;1;2;0;1;0
brasil;costa_do_marfim;1;2010;18;36;26;80;89;83;22;33;28;79;87;83;1;34;18;9;7;2;33;11;22;0;5;13;23;19;3;6;5;3;5;4;7;11;8;11;23;18;18;36;28;-23;-4;-10;0;0;0;1;0;1;0;17;35;24;61;89;73;20;30;25;62;85;71;1;16;6;5;1;0;19;4;15;0;15;1;13;6;0;4;1;0;3;1;1;5;2;1;10;5;4;14;7;-7;5;-2;0;0;0;3;0;2;0
portugal;coreia_do_norte;1;2010;22;34;26;75;91;80;21;35;28;74;86;79;2;19;10;5;4;1;17;5;12;0;40;0;22;10;0;7;2;0;6;2;0;10;4;0;25;11;5;47;15;-46;15;-4;0;0;0;1;0;1;0;26;28;27;73;77;75;20;35;27;68;82;74;2;12;8;3;3;2;7;5;2;0;6;1;12;7;0;3;1;1;5;2;1;7;4;5;8;6;7;17;10;-11;1;-4;0;0;0;0;0;0;0
chile;suica;1;2010;21;38;26;68;83;76;25;31;27;61;79;72;2;33;18;10;3;5;32;22;10;0;5;13;23;19;3;6;5;3;5;4;7;11;8;11;23;18;18;36;28;-23;-4;-10;0;0;0;1;1;0;0;18;35;25;67;82;74;19;33;25;67;83;73;1;21;10;6;3;1;18;8;10;0;40;0;22;10;0;7;2;0;6;2;0;10;4;0;25;11;5;47;15;-46;15;-4;0;0;0;1;0;1;0
espanha;honduras;1;2010;20;34;25;78;90;83;19;38;27;79;90;83;1;30;10;10;0;0;28;5;23;0;40;0;22;10;0;7;2;0;6;2;0;10;4;0;25;11;5;47;15;-46;15;-4;1;1;0;2;0;2;0;17;30;25;63;79;73;24;28;26;67;75;71;3;16;10;5;1;4;17;11;6;0;3;6;16;10;1;5;2;1;3;2;4;6;5;9;15;11;15;22;17;-12;0;-6;0;0;0;1;1;0;0
franca;africa_do_sul;0;2010;21;34;26;80;88;83;23;37;28;78;88;82;2;21;10;6;3;1;18;9;9;0;40;0;22;10;0;7;2;0;6;2;0;10;4;0;25;11;5;47;15;-46;15;-4;0;0;0;1;0;0;0;19;32;25;62;81;69;23;38;28;62;77;68;1;20;10;6;2;1;18;7;10;0;15;1;13;6;0;4;1;0;3;1;1;5;2;1;10;5;4;14;7;-7;5;-2;0;0;0;1;0;1;1
mexico;uruguai;0;2010;20;37;25;73;85;76;22;36;27;72;83;75;2;19;10;6;1;3;18;12;6;0;3;6;16;10;1;5;2;1;3;2;4;6;5;9;15;11;15;22;17;-12;0;-6;0;0;0;1;1;0;0;20;36;26;70;87;77;21;34;26;72;83;75;5;24;18;6;6;6;28;20;8;0;5;13;23;19;3;6;5;3;5;4;7;11;8;11;23;18;18;36;28;-23;-4;-10;0;0;1;1;1;0;0
grecia;argentina;0;2010;19;35;25;68;83;75;18;38;26;67;80;74;2;20;10;6;2;2;20;10;10;0;40;0;22;10;0;7;2;0;6;2;0;10;4;0;25;11;5;47;15;-46;15;-4;0;0;0;2;1;1;0;21;37;26;76;92;82;23;33;28;78;86;81;4;28;18;8;4;6;23;20;3;0;5;13;23;19;3;6;5;3;5;4;7;11;8;11;23;18;18;36;28;-23;-4;-10;0;0;0;1;1;0;0
nigeria;coreia_do_sul;0;2010;19;35;23;64;84;72;19;32;25;69;81;73;1;12;6;3;3;0;9;4;5;0;15;1;13;6;0;4;1;0;3;1;1;5;2;1;10;5;4;14;7;-7;5;-2;0;0;0;1;0;0;0;18;33;25;65;81;72;23;40;28;66;76;69;1;16;8;4;4;0;12;4;8;0;6;1;12;7;0;3;1;1;5;2;1;7;4;5;8;6;7;17;10;-11;1;-4;0;0;0;1;0;1;0
eslovenia;inglaterra;0;2010;18;33;24;58;81;71;17;32;25;55;78;68;2;20;10;6;2;2;18;4;14;0;40;0;22;10;0;7;2;0;6;2;0;10;4;0;25;11;5;47;15;-46;15;-4;0;0;0;1;0;1;0;19;35;27;77;89;82;22;40;27;78;88;81;1;27;10;9;0;1;34;6;28;0;40;0;22;10;0;7;2;0;6;2;0;10;4;0;25;11;5;47;15;-46;15;-4;0;0;0;3;0;2;0
estados_unidos;argelia;1;2010;19;38;26;67;83;73;21;40;29;68;84;73;1;20;10;6;2;2;19;13;6;0;3;6;16;10;1;5;2;1;3;2;4;6;5;9;15;11;15;22;17;-12;0;-6;0;0;0;1;1;0;0;18;36;25;63;80;72;21;31;25;62;75;68;1;13;6;4;1;1;9;4;5;0;15;1;13;6;0;4;1;0;3;1;1;5;2;1;10;5;4;14;7;-7;5;-2;0;0;0;1;0;0;0
australia;servia;1;2010;18;34;27;64;82;71;21;37;28;65;82;70;1;20;8;6;2;0;12;1;11;0;6;1;12;7;0;3;1;1;5;2;1;7;4;5;8;6;7;17;10;-11;1;-4;0;0;0;1;0;1;0;18;37;26;68;86;76;20;34;26;69;88;75;1;22;10;7;1;2;22;8;14;0;40;0;22;10;0;7;2;0;6;2;0;10;4;0;25;11;5;47;15;-46;15;-4;0;0;0;2;0;1;0
gana;alemanha;0;2010;17;34;24;61;87;71;20;34;25;67;80;70;1;13;6;4;1;1;9;3;6;0;15;1;13;6;0;4;1;0;3;1;1;5;2;1;10;5;4;14;7;-7;5;-2;0;0;0;1;0;1;0;20;33;25;76;86;80;21;37;26;76;87;81;1;26;10;8;2;0;26;5;21;0;40;0;22;10;0;7;2;0;6;2;0;10;4;0;25;11;5;47;15;-46;15;-4;0;0;0;2;0;2;0
paraguai;nova_zelandia;0;2010;19;32;24;55;83;72;21;34;27;66;77;71;3;33;18;10;3;5;24;16;8;0;5;13;23;19;3;6;5;3;5;4;7;11;8;11;23;18;18;36;28;-23;-4;-10;0;0;0;1;0;0;0;18;36;25;55;73;62;20;35;26;53;78;63;1;15;6;5;0;1;14;5;9;0;3;4;8;6;1;2;1;1;2;1;2;4;3;5;12;8;10;13;11;-8;2;-3;0;0;1;2;0;1;0
eslovaquia;italia;1;2010;17;34;25;62;85;71;20;36;27;60;82;68;1;22;10;7;1;2;22;10;12;0;40;0;22;10;0;7;2;0;6;2;0;10;4;0;25;11;5;47;15;-46;15;-4;0;0;0;2;1;1;0;20;35;28;77;86;82;19;37;28;78;88;81;1;24;10;7;3;0;18;7;11;0;40;0;22;10;0;7;2;0;6;2;0;10;4;0;25;11;5;47;15;-46;15;-4;0;0;0;1;0;1;0
camaroes;holanda;0;2010;18;31;25;66;87;73;19;36;25;67;84;74;1;13;6;4;1;1;9;2;7;0;15;1;13;6;0;4;1;0;3;1;1;5;2;1;10;5;4;14;7;-7;5;-2;0;0;0;1;0;1;0;18;37;25;72;88;79;22;39;28;73;86;77;1;24;8;8;0;0;17;2;15;0;40;0;22;10;0;7;2;0;6;2;0;10;4;0;25;11;5;47;15;-46;15;-4;1;1;0;2;0;1;0
dinamarca;japao;0;2010;18;34;26;69;82;74;20;35;27;68;84;74;1;21;10;6;3;1;16;5;11;0;40;0;22;10;0;7;2;0;6;2;0;10;4;0;25;11;5;47;15;-46;15;-4;0;0;0;1;0;1;0;21;31;26;60;84;72;22;32;25;60;74;68;2;15;8;4;3;1;11;6;5;0;6;1;12;7;0;3;1;1;5;2;1;7;4;5;8;6;7;17;10;-11;1;-4;0;0;0;1;0;0;0
coreia_do_norte;costa_do_marfim;0;2010;26;28;27;73;77;75;20;35;27;68;82;74;2;12;8;3;3;2;7;5;2;0;6;1;12;7;0;3;1;1;5;2;1;7;4;5;8;6;7;17;10;-11;1;-4;0;0;0;0;0;0;0;17;35;24;61;89;73;20;30;25;62;85;71;1;16;6;5;1;0;19;4;15;0;15;1;13;6;0;4;1;0;3;1;1;5;2;1;10;5;4;14;7;-7;5;-2;0;0;0;3;0;2;0
portugal;brasil;0;2010;22;34;26;75;91;80;21;35;28;74;86;79;2;19;10;5;4;1;17;5;12;0;40;0;22;10;0;7;2;0;6;2;0;10;4;0;25;11;5;47;15;-46;15;-4;0;0;0;1;0;1;0;18;36;26;80;89;83;22;33;28;79;87;83;1;34;18;9;7;2;33;11;22;0;5;13;23;19;3;6;5;3;5;4;7;11;8;11;23;18;18;36;28;-23;-4;-10;0;0;0;1;0;1;0
chile;espanha;0;2010;21;38;26;68;83;76;25;31;27;61;79;72;2;33;18;10;3;5;32;22;10;0;5;13;23;19;3;6;5;3;5;4;7;11;8;11;23;18;18;36;28;-23;-4;-10;0;0;0;1;1;0;0;20;34;25;78;90;83;19;38;27;79;90;83;1;30;10;10;0;0;28;5;23;0;40;0;22;10;0;7;2;0;6;2;0;10;4;0;25;11;5;47;15;-46;15;-4;1;1;0;2;0;2;0
suica;honduras;0;2010;18;35;25;67;82;74;19;33;25;67;83;73;1;21;10;6;3;1;18;8;10;0;40;0;22;10;0;7;2;0;6;2;0;10;4;0;25;11;5;47;15;-46;15;-4;0;0;0;1;0;1;0;17;30;25;63;79;73;24;28;26;67;75;71;3;16;10;5;1;4;17;11;6;0;3;6;16;10;1;5;2;1;3;2;4;6;5;9;15;11;15;22;17;-12;0;-6;0;0;0;1;1;0;0
uruguai;coreia_do_sul;1;2010;20;36;26;70;87;77;21;34;26;72;83;75;5;24;18;6;6;6;28;20;8;0;5;13;23;19;3;6;5;3;5;4;7;11;8;11;23;18;18;36;28;-23;-4;-10;0;0;1;1;1;0;0;18;33;25;65;81;72;23;40;28;66;76;69;1;16;8;4;4;0;12;4;8;0;6;1;12;7;0;3;1;1;5;2;1;7;4;5;8;6;7;17;10;-11;1;-4;0;0;0;1;0;1;0
estados_unidos;gana;0;2010;19;38;26;67;83;73;21;40;29;68;84;73;1;20;10;6;2;2;19;13;6;0;3;6;16;10;1;5;2;1;3;2;4;6;5;9;15;11;15;22;17;-12;0;-6;0;0;0;1;1;0;0;17;34;24;61;87;71;20;34;25;67;80;70;1;13;6;4;1;1;9;3;6;0;15;1;13;6;0;4;1;0;3;1;1;5;2;1;10;5;4;14;7;-7;5;-2;0;0;0;1;0;1;0
alemanha;inglaterra;1;2010;20;33;25;76;86;80;21;37;26;76;87;81;1;26;10;8;2;0;26;5;21;0;40;0;22;10;0;7;2;0;6;2;0;10;4;0;25;11;5;47;15;-46;15;-4;0;0;0;2;0;2;0;19;35;27;77;89;82;22;40;27;78;88;81;1;27;10;9;0;1;34;6;28;0;40;0;22;10;0;7;2;0;6;2;0;10;4;0;25;11;5;47;15;-46;15;-4;0;0;0;3;0;2;0
argentina;mexico;1;2010;21;37;26;76;92;82;23;33;28;78;86;81;4;28;18;8;4;6;23;20;3;0;5;13;23;19;3;6;5;3;5;4;7;11;8;11;23;18;18;36;28;-23;-4;-10;0;0;0;1;1;0;0;20;37;25;73;85;76;22;36;27;72;83;75;2;19;10;6;1;3;18;12;6;0;3;6;16;10;1;5;2;1;3;2;4;6;5;9;15;11;15;22;17;-12;0;-6;0;0;0;1;1;0;0
holanda;eslovaquia;1;2010;18;37;25;72;88;79;22;39;28;73;86;77;1;24;8;8;0;0;17;2;15;0;40;0;22;10;0;7;2;0;6;2;0;10;4;0;25;11;5;47;15;-46;15;-4;1;1;0;2;0;1;0;17;34;25;62;85;71;20;36;27;60;82;68;1;22;10;7;1;2;22;10;12;0;40;0;22;10;0;7;2;0;6;2;0;10;4;0;25;11;5;47;15;-46;15;-4;0;0;0;2;1;1;0
brasil;chile;1;2010;18;36;26;80;89;83;22;33;28;79;87;83;1;34;18;9;7;2;33;11;22;0;5;13;23;19;3;6;5;3;5;4;7;11;8;11;23;18;18;36;28;-23;-4;-10;0;0;0;1;0;1;0;21;38;26;68;83;76;25;31;27;61;79;72;2;33;18;10;3;5;32;22;10;0;5;13;23;19;3;6;5;3;5;4;7;11;8;11;23;18;18;36;28;-23;-4;-10;0;0;0;1;1;0;0
paraguai;japao;1;2010;19;32;24;55;83;72;21;34;27;66;77;71;3;33;18;10;3;5;24;16;8;0;5;13;23;19;3;6;5;3;5;4;7;11;8;11;23;18;18;36;28;-23;-4;-10;0;0;0;1;0;0;0;21;31;26;60;84;72;22;32;25;60;74;68;2;15;8;4;3;1;11;6;5;0;6;1;12;7;0;3;1;1;5;2;1;7;4;5;8;6;7;17;10;-11;1;-4;0;0;0;1;0;0;0
espanha;portugal;1;2010;20;34;25;78;90;83;19;38;27;79;90;83;1;30;10;10;0;0;28;5;23;0;40;0;22;10;0;7;2;0;6;2;0;10;4;0;25;11;5;47;15;-46;15;-4;1;1;0;2;0;2;0;22;34;26;75;91;80;21;35;28;74;86;79;2;19;10;5;4;1;17;5;12;0;40;0;22;10;0;7;2;0;6;2;0;10;4;0;25;11;5;47;15;-46;15;-4;0;0;0;1;0;1;0
holanda;brasil;1;2010;18;37;25;72;88;79;22;39;28;73;86;77;1;24;8;8;0;0;17;2;15;0;40;0;22;10;0;7;2;0;6;2;0;10;4;0;25;11;5;47;15;-46;15;-4;1;1;0;2;0;1;0;18;36;26;80;89;83;22;33;28;79;87;83;1;34;18;9;7;2;33;11;22;0;5;13;23;19;3;6;5;3;5;4;7;11;8;11;23;18;18;36;28;-23;-4;-10;0;0;0;1;0;1;0
uruguai;gana;1;2010;20;36;26;70;87;77;21;34;26;72;83;75;5;24;18;6;6;6;28;20;8;0;5;13;23;19;3;6;5;3;5;4;7;11;8;11;23;18;18;36;28;-23;-4;-10;0;0;1;1;1;0;0;17;34;24;61;87;71;20;34;25;67;80;70;1;13;6;4;1;1;9;3;6;0;15;1;13;6;0;4;1;0;3;1;1;5;2;1;10;5;4;14;7;-7;5;-2;0;0;0;1;0;1;0
argentina;alemanha;0;2010;21;37;26;76;92;82;23;33;28;78;86;81;4;28;18;8;4;6;23;20;3;0;5;13;23;19;3;6;5;3;5;4;7;11;8;11;23;18;18;36;28;-23;-4;-10;0;0;0;1;1;0;0;20;33;25;76;86;80;21;37;26;76;87;81;1;26;10;8;2;0;26;5;21;0;40;0;22;10;0;7;2;0;6;2;0;10;4;0;25;11;5;47;15;-46;15;-4;0;0;0;2;0;2;0
paraguai;espanha;0;2010;19;32;24;55;83;72;21;34;27;66;77;71;3;33;18;10;3;5;24;16;8;0;5;13;23;19;3;6;5;3;5;4;7;11;8;11;23;18;18;36;28;-23;-4;-10;0;0;0;1;0;0;0;20;34;25;78;90;83;19;38;27;79;90;83;1;30;10;10;0;0;28;5;23;0;40;0;22;10;0;7;2;0;6;2;0;10;4;0;25;11;5;47;15;-46;15;-4;1;1;0;2;0;2;0
uruguai;holanda;0;2010;20;36;26;70;87;77;21;34;26;72;83;75;5;24;18;6;6;6;28;20;8;0;5;13;23;19;3;6;5;3;5;4;7;11;8;11;23;18;18;36;28;-23;-4;-10;0;0;1;1;1;0;0;18;37;25;72;88;79;22;39;28;73;86;77;1;24;8;8;0;0;17;2;15;0;40;0;22;10;0;7;2;0;6;2;0;10;4;0;25;11;5;47;15;-46;15;-4;1;1;0;2;0;1;0
alemanha;espanha;0;2010;20;33;25;76;86;80;21;37;26;76;87;81;1;26;10;8;2;0;26;5;21;0;40;0;22;10;0;7;2;0;6;2;0;10;4;0;25;11;5;47;15;-46;15;-4;0;0;0;2;0;2;0;20;34;25;78;90;83;19;38;27;79;90;83;1;30;10;10;0;0;28;5;23;0;40;0;22;10;0;7;2;0;6;2;0;10;4;0;25;11;5;47;15;-46;15;-4;1;1;0;2;0;2;0
uruguai;alemanha;0;2010;20;36;26;70;87;77;21;34;26;72;83;75;5;24;18;6;6;6;28;20;8;0;5;13;23;19;3;6;5;3;5;4;7;11;8;11;23;18;18;36;28;-23;-4;-10;0;0;1;1;1;0;0;20;33;25;76;86;80;21;37;26;76;87;81;1;26;10;8;2;0;26;5;21;0;40;0;22;10;0;7;2;0;6;2;0;10;4;0;25;11;5;47;15;-46;15;-4;0;0;0;2;0;2;0
holanda;espanha;0;2010;18;37;25;72;88;79;22;39;28;73;86;77;1;24;8;8;0;0;17;2;15;0;40;0;22;10;0;7;2;0;6;2;0;10;4;0;25;11;5;47;15;-46;15;-4;1;1;0;2;0;1;0;20;34;25;78;90;83;19;38;27;79;90;83;1;30;10;10;0;0;28;5;23;0;40;0;22;10;0;7;2;0;6;2;0;10;4;0;25;11;5;47;15;-46;15;-4;1;1;0;2;0;2;0
brasil;croacia;1;2014;22;35;27;77;88;81;21;37;29;77;87;80;1;20;9;6;2;1;18;8;10;0;4;12;20;14;2;5;3;3;6;4;6;10;8;14;17;16;20;31;26;-14;-6;-10;0;0;0;1;0;1;1;19;35;25;64;87;73;19;36;27;64;80;70;2;17;10;5;2;3;12;9;3;0;40;0;21;10;0;6;2;0;6;2;1;10;4;0;28;11;4;54;16;-53;24;-4;0;0;0;1;0;0;0
mexico;camaroes;1;2014;20;39;26;69;84;74;20;36;28;70;79;73;4;11;10;2;5;3;7;9;-2;0;2;5;8;6;0;1;0;5;5;5;4;5;4;5;10;7;13;14;13;-8;-4;-6;0;0;1;0;0;0;0;19;34;26;64;81;70;19;34;27;64;80;71;1;13;6;4;1;1;8;3;5;0;35;2;18;7;0;6;1;0;4;1;0;5;2;2;16;6;3;15;7;-13;9;-1;0;0;0;1;0;0;0
espanha;holanda;0;2014;22;35;27;79;89;82;23;34;28;79;87;81;1;20;8;6;2;0;14;3;11;0;40;0;21;10;0;6;2;0;6;2;1;10;4;0;28;11;4;54;16;-53;24;-4;0;0;0;1;0;1;0;20;35;25;74;90;78;21;33;26;74;82;77;1;28;10;9;1;0;34;5;29;0;40;0;21;10;0;6;2;0;6;2;1;10;4;0;28;11;4;54;16;-53;24;-4;0;0;0;3;0;2;0
chile;australia;1;2014;21;35;27;69;86;74;23;35;30;69;83;72;3;28;16;9;1;6;29;25;4;0;4;12;20;14;2;5;3;3;6;4;6;10;8;14;17;16;20;31;26;-14;-6;-10;0;0;0;1;1;0;0;21;35;25;64;75;69;23;42;29;64;78;68;2;13;8;3;4;1;12;7;5;0;6;5;14;8;1;4;2;1;3;1;2;5;4;3;11;6;6;16;10;-9;5;-4;0;0;0;1;0;0;0
colombia;grecia;1;2014;22;38;27;70;89;75;22;39;27;70;79;74;2;30;16;9;3;4;27;13;14;0;4;12;20;14;2;5;3;3;6;4;6;10;8;14;17;16;20;31;26;-14;-6;-10;0;0;0;1;0;0;0;19;36;25;68;79;72;21;36;27;66;83;72;2;25;10;8;1;1;12;4;8;0;40;0;21;10;0;6;2;0;6;2;1;10;4;0;28;11;4;54;16;-53;24;-4;0;0;0;1;0;0;0
uruguai;costa_rica;0;2014;21;38;28;69;89;74;20;33;27;69;84;74;5;25;16;7;4;5;25;25;0;0;4;12;20;14;2;5;3;3;6;4;6;10;8;14;17;16;20;31;26;-14;-6;-10;0;0;1;1;1;0;0;21;33;26;59;79;68;24;34;27;59;79;70;2;18;10;5;3;2;13;7;6;0;2;5;8;6;0;1;0;5;5;5;4;5;4;5;10;7;13;14;13;-8;-4;-6;0;0;0;1;0;0;0
inglaterra;italia;0;2014;20;35;27;75;86;78;20;35;27;75;83;78;1;22;10;6;4;0;31;4;27;0;40;0;21;10;0;6;2;0;6;2;1;10;4;0;28;11;4;54;16;-53;24;-4;0;0;0;3;0;2;0;21;38;27;76;86;79;22;38;30;76;84;79;1;22;10;6;4;0;19;9;10;0;40;0;21;10;0;6;2;0;6;2;1;10;4;0;28;11;4;54;16;-53;24;-4;0;0;0;1;0;1;0
costa_do_marfim;japao;1;2014;21;37;27;65;85;73;21;35;27;65;77;70;1;14;6;4;2;0;15;5;10;0;35;2;18;7;0;6;1;0;4;1;0;5;2;2;16;6;3;15;7;-13;9;-1;0;0;0;2;0;1;0;19;35;26;58;83;70;24;32;28;61;76;71;1;17;8;5;2;1;16;5;11;0;6;5;14;8;1;4;2;1;3;1;2;5;4;3;11;6;6;16;10;-9;5;-4;0;0;0;2;0;1;0
suica;equador;1;2014;18;33;26;67;82;73;21;34;27;67;83;73;1;24;10;7;3;0;17;6;11;0;40;0;21;10;0;6;2;0;6;2;1;10;4;0;28;11;4;54;16;-53;24;-4;0;0;0;1;0;1;0;18;32;25;53;80;69;23;36;29;57;70;65;4;25;16;7;4;5;20;16;4;0;4;12;20;14;2;5;3;3;6;4;6;10;8;14;17;16;20;31;26;-14;-6;-10;0;0;0;1;1;0;0
franca;honduras;1;2014;22;34;26;77;88;80;21;33;27;77;85;80;2;17;8;5;2;1;15;6;9;0;40;0;21;10;0;6;2;0;6;2;1;10;4;0;28;11;4;54;16;-53;24;-4;0;0;0;1;0;1;0;20;31;26;62;76;68;19;33;28;63;73;67;3;15;10;4;3;3;13;12;1;0;2;5;8;6;0;1;0;5;5;5;4;5;4;5;10;7;13;14;13;-8;-4;-6;0;0;0;1;1;0;0
argentina;bosnia_e_herzegovina;1;2014;21;36;28;76;93;79;23;34;29;76;84;79;1;32;16;9;5;2;35;15;20;0;4;12;20;14;2;5;3;3;6;4;6;10;8;14;17;16;20;31;26;-14;-6;-10;0;0;0;2;0;1;0;20;31;25;59;84;69;19;33;25;52;82;67;1;25;10;8;1;1;30;6;24;0;40;0;21;10;0;6;2;0;6;2;1;10;4;0;28;11;4;54;16;-53;24;-4;0;0;0;3;0;2;0
alemanha;portugal;1;2014;19;37;26;77;88;81;22;35;26;78;90;81;1;28;10;9;1;0;36;10;26;0;40;0;21;10;0;6;2;0;6;2;1;10;4;0;28;11;4;54;16;-53;24;-4;0;0;0;3;1;2;0;20;34;25;74;92;78;21;37;28;74;83;77;2;21;10;6;3;1;20;9;11;0;40;0;21;10;0;6;2;0;6;2;1;10;4;0;28;11;4;54;16;-53;24;-4;0;0;0;2;0;1;0
ira;nigeria;0;2014;20;34;26;68;75;71;27;28;27;64;67;66;1;16;8;5;1;2;8;2;6;0;6;5;14;8;1;4;2;1;3;1;2;5;4;3;11;6;6;16;10;-9;5;-4;0;0;0;1;0;0;0;20;34;26;65;78;71;21;35;26;66;81;71;1;12;6;3;3;0;7;3;4;0;35;2;18;7;0;6;1;0;4;1;0;5;2;2;16;6;3;15;7;-13;9;-1;0;0;0;1;0;0;0
gana;estados_unidos;0;2014;19;32;24;64;81;72;22;29;25;64;73;68;1;15;6;5;0;1;18;3;15;0;35;2;18;7;0;6;1;0;4;1;0;5;2;2;16;6;3;15;7;-13;9;-1;0;0;0;3;0;2;0;22;33;27;68;81;72;22;36;28;68;79;72;1;22;10;7;1;2;15;8;7;0;2;5;8;6;0;1;0;5;5;5;4;5;4;5;10;7;13;14;13;-8;-4;-6;0;0;0;1;0;0;0
belgica;argelia;1;2014;18;34;25;71;89;77;20;38;28;71;88;75;1;26;10;8;2;0;18;4;14;0;40;0;21;10;0;6;2;0;6;2;1;10;4;0;28;11;4;54;16;-53;24;-4;0;0;0;1;0;1;0;18;32;25;61;84;70;20;33;26;63;77;69;1;15;6;5;0;1;13;4;9;0;35;2;18;7;0;6;1;0;4;1;0;5;2;2;16;6;3;15;7;-13;9;-1;0;0;0;2;0;1;0
brasil;mexico;0;2014;22;35;27;77;88;81;21;37;29;77;87;80;1;20;9;6;2;1;18;8;10;0;4;12;20;14;2;5;3;3;6;4;6;10;8;14;17;16;20;31;26;-14;-6;-10;0;0;0;1;0;1;1;20;39;26;69;84;74;20;36;28;70;79;73;4;11;10;2;5;3;7;9;-2;0;2;5;8;6;0;1;0;5;5;5;4;5;4;5;10;7;13;14;13;-8;-4;-6;0;0;1;0;0;0;0
russia;coreia_do_sul;0;2014;22;34;28;70;81;74;24;36;29;70;82;74;1;22;10;7;1;2;20;5;15;0;40;0;21;10;0;6;2;0;6;2;1;10;4;0;28;11;4;54;16;-53;24;-4;0;0;0;2;0;1;0;23;36;27;66;79;70;23;45;29;66;77;69;2;14;8;4;2;2;13;7;6;0;6;5;14;8;1;4;2;1;3;1;2;5;4;3;11;6;6;16;10;-9;5;-4;0;0;0;1;0;0;0
australia;holanda;0;2014;21;35;25;64;75;69;23;42;29;64;78;68;2;13;8;3;4;1;12;7;5;0;6;5;14;8;1;4;2;1;3;1;2;5;4;3;11;6;6;16;10;-9;5;-4;0;0;0;1;0;0;0;20;35;25;74;90;78;21;33;26;74;82;77;1;28;10;9;1;0;34;5;29;0;40;0;21;10;0;6;2;0;6;2;1;10;4;0;28;11;4;54;16;-53;24;-4;0;0;0;3;0;2;0
espanha;chile;0;2014;22;35;27;79;89;82;23;34;28;79;87;81;1;20;8;6;2;0;14;3;11;0;40;0;21;10;0;6;2;0;6;2;1;10;4;0;28;11;4;54;16;-53;24;-4;0;0;0;1;0;1;0;21;35;27;69;86;74;23;35;30;69;83;72;3;28;16;9;1;6;29;25;4;0;4;12;20;14;2;5;3;3;6;4;6;10;8;14;17;16;20;31;26;-14;-6;-10;0;0;0;1;1;0;0
camaroes;croacia;0;2014;19;34;26;64;81;70;19;34;27;64;80;71;1;13;6;4;1;1;8;3;5;0;35;2;18;7;0;6;1;0;4;1;0;5;2;2;16;6;3;15;7;-13;9;-1;0;0;0;1;0;0;0;19;35;25;64;87;73;19;36;27;64;80;70;2;17;10;5;2;3;12;9;3;0;40;0;21;10;0;6;2;0;6;2;1;10;4;0;28;11;4;54;16;-53;24;-4;0;0;0;1;0;0;0
colombia;costa_do_marfim;1;2014;22;38;27;70;89;75;22;39;27;70;79;74;2;30;16;9;3;4;27;13;14;0;4;12;20;14;2;5;3;3;6;4;6;10;8;14;17;16;20;31;26;-14;-6;-10;0;0;0;1;0;0;0;21;37;27;65;85;73;21;35;27;65;77;70;1;14;6;4;2;0;15;5;10;0;35;2;18;7;0;6;1;0;4;1;0;5;2;2;16;6;3;15;7;-13;9;-1;0;0;0;2;0;1;0
uruguai;inglaterra;1;2014;21;38;28;69;89;74;20;33;27;69;84;74;5;25;16;7;4;5;25;25;0;0;4;12;20;14;2;5;3;3;6;4;6;10;8;14;17;16;20;31;26;-14;-6;-10;0;0;1;1;1;0;0;20;35;27;75;86;78;20;35;27;75;83;78;1;22;10;6;4;0;31;4;27;0;40;0;21;10;0;6;2;0;6;2;1;10;4;0;28;11;4;54;16;-53;24;-4;0;0;0;3;0;2;0
japao;grecia;0;2014;19;35;26;58;83;70;24;32;28;61;76;71;1;17;8;5;2;1;16;5;11;0;6;5;14;8;1;4;2;1;3;1;2;5;4;3;11;6;6;16;10;-9;5;-4;0;0;0;2;0;1;0;19;36;25;68;79;72;21;36;27;66;83;72;2;25;10;8;1;1;12;4;8;0;40;0;21;10;0;6;2;0;6;2;1;10;4;0;28;11;4;54;16;-53;24;-4;0;0;0;1;0;0;0
italia;costa_rica;0;2014;21;38;27;76;86;79;22;38;30;76;84;79;1;22;10;6;4;0;19;9;10;0;40;0;21;10;0;6;2;0;6;2;1;10;4;0;28;11;4;54;16;-53;24;-4;0;0;0;1;0;1;0;21;33;26;59;79;68;24;34;27;59;79;70;2;18;10;5;3;2;13;7;6;0;2;5;8;6;0;1;0;5;5;5;4;5;4;5;10;7;13;14;13;-8;-4;-6;0;0;0;1;0;0;0
suica;franca;0;2014;18;33;26;67;82;73;21;34;27;67;83;73;1;24;10;7;3;0;17;6;11;0;40;0;21;10;0;6;2;0;6;2;1;10;4;0;28;11;4;54;16;-53;24;-4;0;0;0;1;0;1;0;22;34;26;77;88;80;21;33;27;77;85;80;2;17;8;5;2;1;15;6;9;0;40;0;21;10;0;6;2;0;6;2;1;10;4;0;28;11;4;54;16;-53;24;-4;0;0;0;1;0;1;0
honduras;equador;0;2014;20;31;26;62;76;68;19;33;28;63;73;67;3;15;10;4;3;3;13;12;1;0;2;5;8;6;0;1;0;5;5;5;4;5;4;5;10;7;13;14;13;-8;-4;-6;0;0;0;1;1;0;0;18;32;25;53;80;69;23;36;29;57;70;65;4;25;16;7;4;5;20;16;4;0;4;12;20;14;2;5;3;3;6;4;6;10;8;14;17;16;20;31;26;-14;-6;-10;0;0;0;1;1;0;0
argentina;ira;1;2014;21;36;28;76;93;79;23;34;29;76;84;79;1;32;16;9;5;2;35;15;20;0;4;12;20;14;2;5;3;3;6;4;6;10;8;14;17;16;20;31;26;-14;-6;-10;0;0;0;2;0;1;0;20;34;26;68;75;71;27;28;27;64;67;66;1;16;8;5;1;2;8;2;6;0;6;5;14;8;1;4;2;1;3;1;2;5;4;3;11;6;6;16;10;-9;5;-4;0;0;0;1;0;0;0
alemanha;gana;0;2014;19;37;26;77;88;81;22;35;26;78;90;81;1;28;10;9;1;0;36;10;26;0;40;0;21;10;0;6;2;0;6;2;1;10;4;0;28;11;4;54;16;-53;24;-4;0;0;0;3;1;2;0;19;32;24;64;81;72;22;29;25;64;73;68;1;15;6;5;0;1;18;3;15;0;35;2;18;7;0;6;1;0;4;1;0;5;2;2;16;6;3;15;7;-13;9;-1;0;0;0;3;0;2;0
nigeria;bosnia_e_herzegovina;1;2014;20;34;26;65;78;71;21;35;26;66;81;71;1;12;6;3;3;0;7;3;4;0;35;2;18;7;0;6;1;0;4;1;0;5;2;2;16;6;3;15;7;-13;9;-1;0;0;0;1;0;0;0;20;31;25;59;84;69;19;33;25;52;82;67;1;25;10;8;1;1;30;6;24;0;40;0;21;10;0;6;2;0;6;2;1;10;4;0;28;11;4;54;16;-53;24;-4;0;0;0;3;0;2;0
belgica;russia;1;2014;18;34;25;71;89;77;20;38;28;71;88;75;1;26;10;8;2;0;18;4;14;0;40;0;21;10;0;6;2;0;6;2;1;10;4;0;28;11;4;54;16;-53;24;-4;0;0;0;1;0;1;0;22;34;28;70;81;74;24;36;29;70;82;74;1;22;10;7;1;2;20;5;15;0;40;0;21;10;0;6;2;0;6;2;1;10;4;0;28;11;4;54;16;-53;24;-4;0;0;0;2;0;1;0
coreia_do_sul;argelia;0;2014;23;36;27;66;79;70;23;45;29;66;77;69;2;14;8;4;2;2;13;7;6;0;6;5;14;8;1;4;2;1;3;1;2;5;4;3;11;6;6;16;10;-9;5;-4;0;0;0;1;0;0;0;18;32;25;61;84;70;20;33;26;63;77;69;1;15;6;5;0;1;13;4;9;0;35;2;18;7;0;6;1;0;4;1;0;5;2;2;16;6;3;15;7;-13;9;-1;0;0;0;2;0;1;0
estados_unidos;portugal;0;2014;22;33;27;68;81;72;22;36;28;68;79;72;1;22;10;7;1;2;15;8;7;0;2;5;8;6;0;1;0;5;5;5;4;5;4;5;10;7;13;14;13;-8;-4;-6;0;0;0;1;0;0;0;20;34;25;74;92;78;21;37;28;74;83;77;2;21;10;6;3;1;20;9;11;0;40;0;21;10;0;6;2;0;6;2;1;10;4;0;28;11;4;54;16;-53;24;-4;0;0;0;2;0;1;0
australia;espanha;0;2014;21;35;25;64;75;69;23;42;29;64;78;68;2;13;8;3;4;1;12;7;5;0;6;5;14;8;1;4;2;1;3;1;2;5;4;3;11;6;6;16;10;-9;5;-4;0;0;0;1;0;0;0;22;35;27;79;89;82;23;34;28;79;87;81;1;20;8;6;2;0;14;3;11;0;40;0;21;10;0;6;2;0;6;2;1;10;4;0;28;11;4;54;16;-53;24;-4;0;0;0;1;0;1;0
holanda;chile;1;2014;20;35;25;74;90;78;21;33;26;74;82;77;1;28;10;9;1;0;34;5;29;0;40;0;21;10;0;6;2;0;6;2;1;10;4;0;28;11;4;54;16;-53;24;-4;0;0;0;3;0;2;0;21;35;27;69;86;74;23;35;30;69;83;72;3;28;16;9;1;6;29;25;4;0;4;12;20;14;2;5;3;3;6;4;6;10;8;14;17;16;20;31;26;-14;-6;-10;0;0;0;1;1;0;0
camaroes;brasil;0;2014;19;34;26;64;81;70;19;34;27;64;80;71;1;13;6;4;1;1;8;3;5;0;35;2;18;7;0;6;1;0;4;1;0;5;2;2;16;6;3;15;7;-13;9;-1;0;0;0;1;0;0;0;22;35;27;77;88;81;21;37;29;77;87;80;1;20;9;6;2;1;18;8;10;0;4;12;20;14;2;5;3;3;6;4;6;10;8;14;17;16;20;31;26;-14;-6;-10;0;0;0;1;0;1;1
croacia;mexico;0;2014;19;35;25;64;87;73;19;36;27;64;80;70;2;17;10;5;2;3;12;9;3;0;40;0;21;10;0;6;2;0;6;2;1;10;4;0;28;11;4;54;16;-53;24;-4;0;0;0;1;0;0;0;20;39;26;69;84;74;20;36;28;70;79;73;4;11;10;2;5;3;7;9;-2;0;2;5;8;6;0;1;0;5;5;5;4;5;4;5;10;7;13;14;13;-8;-4;-6;0;0;1;0;0;0;0
costa_rica;inglaterra;0;2014;21;33;26;59;79;68;24;34;27;59;79;70;2;18;10;5;3;2;13;7;6;0;2;5;8;6;0;1;0;5;5;5;4;5;4;5;10;7;13;14;13;-8;-4;-6;0;0;0;1;0;0;0;20;35;27;75;86;78;20;35;27;75;83;78;1;22;10;6;4;0;31;4;27;0;40;0;21;10;0;6;2;0;6;2;1;10;4;0;28;11;4;54;16;-53;24;-4;0;0;0;3;0;2;0
italia;uruguai;0;2014;21;38;27;76;86;79;22;38;30;76;84;79;1;22;10;6;4;0;19;9;10;0;40;0;21;10;0;6;2;0;6;2;1;10;4;0;28;11;4;54;16;-53;24;-4;0;0;0;1;0;1;0;21;38;28;69;89;74;20;33;27;69;84;74;5;25;16;7;4;5;25;25;0;0;4;12;20;14;2;5;3;3;6;4;6;10;8;14;17;16;20;31;26;-14;-6;-10;0;0;1;1;1;0;0
japao;colombia;0;2014;19;35;26;58;83;70;24;32;28;61;76;71;1;17;8;5;2;1;16;5;11;0;6;5;14;8;1;4;2;1;3;1;2;5;4;3;11;6;6;16;10;-9;5;-4;0;0;0;2;0;1;0;22;38;27;70;89;75;22;39;27;70;79;74;2;30;16;9;3;4;27;13;14;0;4;12;20;14;2;5;3;3;6;4;6;10;8;14;17;16;20;31;26;-14;-6;-10;0;0;0;1;0;0;0
grecia;costa_do_marfim;1;2014;19;36;25;68;79;72;21;36;27;66;83;72;2;25;10;8;1;1;12;4;8;0;40;0;21;10;0;6;2;0;6;2;1;10;4;0;28;11;4;54;16;-53;24;-4;0;0;0;1;0;0;0;21;37;27;65;85;73;21;35;27;65;77;70;1;14;6;4;2;0;15;5;10;0;35;2;18;7;0;6;1;0;4;1;0;5;2;2;16;6;3;15;7;-13;9;-1;0;0;0;2;0;1;0
bosnia_e_herzegovina;ira;1;2014;20;31;25;59;84;69;19;33;25;52;82;67;1;25;10;8;1;1;30;6;24;0;40;0;21;10;0;6;2;0;6;2;1;10;4;0;28;11;4;54;16;-53;24;-4;0;0;0;3;0;2;0;20;34;26;68;75;71;27;28;27;64;67;66;1;16;8;5;1;2;8;2;6;0;6;5;14;8;1;4;2;1;3;1;2;5;4;3;11;6;6;16;10;-9;5;-4;0;0;0;1;0;0;0
nigeria;argentina;0;2014;20;34;26;65;78;71;21;35;26;66;81;71;1;12;6;3;3;0;7;3;4;0;35;2;18;7;0;6;1;0;4;1;0;5;2;2;16;6;3;15;7;-13;9;-1;0;0;0;1;0;0;0;21;36;28;76;93;79;23;34;29;76;84;79;1;32;16;9;5;2;35;15;20;0;4;12;20;14;2;5;3;3;6;4;6;10;8;14;17;16;20;31;26;-14;-6;-10;0;0;0;2;0;1;0
honduras;suica;0;2014;20;31;26;62;76;68;19;33;28;63;73;67;3;15;10;4;3;3;13;12;1;0;2;5;8;6;0;1;0;5;5;5;4;5;4;5;10;7;13;14;13;-8;-4;-6;0;0;0;1;1;0;0;18;33;26;67;82;73;21;34;27;67;83;73;1;24;10;7;3;0;17;6;11;0;40;0;21;10;0;6;2;0;6;2;1;10;4;0;28;11;4;54;16;-53;24;-4;0;0;0;1;0;1;0
equador;franca;0;2014;18;32;25;53;80;69;23;36;29;57;70;65;4;25;16;7;4;5;20;16;4;0;4;12;20;14;2;5;3;3;6;4;6;10;8;14;17;16;20;31;26;-14;-6;-10;0;0;0;1;1;0;0;22;34;26;77;88;80;21;33;27;77;85;80;2;17;8;5;2;1;15;6;9;0;40;0;21;10;0;6;2;0;6;2;1;10;4;0;28;11;4;54;16;-53;24;-4;0;0;0;1;0;1;0
portugal;gana;1;2014;20;34;25;74;92;78;21;37;28;74;83;77;2;21;10;6;3;1;20;9;11;0;40;0;21;10;0;6;2;0;6;2;1;10;4;0;28;11;4;54;16;-53;24;-4;0;0;0;2;0;1;0;19;32;24;64;81;72;22;29;25;64;73;68;1;15;6;5;0;1;18;3;15;0;35;2;18;7;0;6;1;0;4;1;0;5;2;2;16;6;3;15;7;-13;9;-1;0;0;0;3;0;2;0
estados_unidos;alemanha;0;2014;22;33;27;68;81;72;22;36;28;68;79;72;1;22;10;7;1;2;15;8;7;0;2;5;8;6;0;1;0;5;5;5;4;5;4;5;10;7;13;14;13;-8;-4;-6;0;0;0;1;0;0;0;19;37;26;77;88;81;22;35;26;78;90;81;1;28;10;9;1;0;36;10;26;0;40;0;21;10;0;6;2;0;6;2;1;10;4;0;28;11;4;54;16;-53;24;-4;0;0;0;3;1;2;0
argelia;russia;0;2014;18;32;25;61;84;70;20;33;26;63;77;69;1;15;6;5;0;1;13;4;9;0;35;2;18;7;0;6;1;0;4;1;0;5;2;2;16;6;3;15;7;-13;9;-1;0;0;0;2;0;1;0;22;34;28;70;81;74;24;36;29;70;82;74;1;22;10;7;1;2;20;5;15;0;40;0;21;10;0;6;2;0;6;2;1;10;4;0;28;11;4;54;16;-53;24;-4;0;0;0;2;0;1;0
coreia_do_sul;belgica;0;2014;23;36;27;66;79;70;23;45;29;66;77;69;2;14;8;4;2;2;13;7;6;0;6;5;14;8;1;4;2;1;3;1;2;5;4;3;11;6;6;16;10;-9;5;-4;0;0;0;1;0;0;0;18;34;25;71;89;77;20;38;28;71;88;75;1;26;10;8;2;0;18;4;14;0;40;0;21;10;0;6;2;0;6;2;1;10;4;0;28;11;4;54;16;-53;24;-4;0;0;0;1;0;1;0
brasil;chile;1;2014;22;35;27;77;88;81;21;37;29;77;87;80;1;20;9;6;2;1;18;8;10;0;4;12;20;14;2;5;3;3;6;4;6;10;8;14;17;16;20;31;26;-14;-6;-10;0;0;0;1;0;1;1;21;35;27;69;86;74;23;35;30;69;83;72;3;28;16;9;1;6;29;25;4;0;4;12;20;14;2;5;3;3;6;4;6;10;8;14;17;16;20;31;26;-14;-6;-10;0;0;0;1;1;0;0
colombia;uruguai;1;2014;22;38;27;70;89;75;22;39;27;70;79;74;2;30;16;9;3;4;27;13;14;0;4;12;20;14;2;5;3;3;6;4;6;10;8;14;17;16;20;31;26;-14;-6;-10;0;0;0;1;0;0;0;21;38;28;69;89;74;20;33;27;69;84;74;5;25;16;7;4;5;25;25;0;0;4;12;20;14;2;5;3;3;6;4;6;10;8;14;17;16;20;31;26;-14;-6;-10;0;0;1;1;1;0;0
holanda;mexico;1;2014;20;35;25;74;90;78;21;33;26;74;82;77;1;28;10;9;1;0;34;5;29;0;40;0;21;10;0;6;2;0;6;2;1;10;4;0;28;11;4;54;16;-53;24;-4;0;0;0;3;0;2;0;20;39;26;69;84;74;20;36;28;70;79;73;4;11;10;2;5;3;7;9;-2;0;2;5;8;6;0;1;0;5;5;5;4;5;4;5;10;7;13;14;13;-8;-4;-6;0;0;1;0;0;0;0
costa_rica;grecia;1;2014;21;33;26;59;79;68;24;34;27;59;79;70;2;18;10;5;3;2;13;7;6;0;2;5;8;6;0;1;0;5;5;5;4;5;4;5;10;7;13;14;13;-8;-4;-6;0;0;0;1;0;0;0;19;36;25;68;79;72;21;36;27;66;83;72;2;25;10;8;1;1;12;4;8;0;40;0;21;10;0;6;2;0;6;2;1;10;4;0;28;11;4;54;16;-53;24;-4;0;0;0;1;0;0;0
franca;nigeria;1;2014;22;34;26;77;88;80;21;33;27;77;85;80;2;17;8;5;2;1;15;6;9;0;40;0;21;10;0;6;2;0;6;2;1;10;4;0;28;11;4;54;16;-53;24;-4;0;0;0;1;0;1;0;20;34;26;65;78;71;21;35;26;66;81;71;1;12;6;3;3;0;7;3;4;0;35;2;18;7;0;6;1;0;4;1;0;5;2;2;16;6;3;15;7;-13;9;-1;0;0;0;1;0;0;0
alemanha;argelia;1;2014;19;37;26;77;88;81;22;35;26;78;90;81;1;28;10;9;1;0;36;10;26;0;40;0;21;10;0;6;2;0;6;2;1;10;4;0;28;11;4;54;16;-53;24;-4;0;0;0;3;1;2;0;18;32;25;61;84;70;20;33;26;63;77;69;1;15;6;5;0;1;13;4;9;0;35;2;18;7;0;6;1;0;4;1;0;5;2;2;16;6;3;15;7;-13;9;-1;0;0;0;2;0;1;0
argentina;suica;1;2014;21;36;28;76;93;79;23;34;29;76;84;79;1;32;16;9;5;2;35;15;20;0;4;12;20;14;2;5;3;3;6;4;6;10;8;14;17;16;20;31;26;-14;-6;-10;0;0;0;2;0;1;0;18;33;26;67;82;73;21;34;27;67;83;73;1;24;10;7;3;0;17;6;11;0;40;0;21;10;0;6;2;0;6;2;1;10;4;0;28;11;4;54;16;-53;24;-4;0;0;0;1;0;1;0
belgica;estados_unidos;1;2014;18;34;25;71;89;77;20;38;28;71;88;75;1;26;10;8;2;0;18;4;14;0;40;0;21;10;0;6;2;0;6;2;1;10;4;0;28;11;4;54;16;-53;24;-4;0;0;0;1;0;1;0;22;33;27;68;81;72;22;36;28;68;79;72;1;22;10;7;1;2;15;8;7;0;2;5;8;6;0;1;0;5;5;5;4;5;4;5;10;7;13;14;13;-8;-4;-6;0;0;0;1;0;0;0
franca;alemanha;0;2014;22;34;26;77;88;80;21;33;27;77;85;80;2;17;8;5;2;1;15;6;9;0;40;0;21;10;0;6;2;0;6;2;1;10;4;0;28;11;4;54;16;-53;24;-4;0;0;0;1;0;1;0;19;37;26;77;88;81;22;35;26;78;90;81;1;28;10;9;1;0;36;10;26;0;40;0;21;10;0;6;2;0;6;2;1;10;4;0;28;11;4;54;16;-53;24;-4;0;0;0;3;1;2;0
brasil;colombia;1;2014;22;35;27;77;88;81;21;37;29;77;87;80;1;20;9;6;2;1;18;8;10;0;4;12;20;14;2;5;3;3;6;4;6;10;8;14;17;16;20;31;26;-14;-6;-10;0;0;0;1;0;1;1;22;38;27;70;89;75;22;39;27;70;79;74;2;30;16;9;3;4;27;13;14;0;4;12;20;14;2;5;3;3;6;4;6;10;8;14;17;16;20;31;26;-14;-6;-10;0;0;0;1;0;0;0
argentina;belgica;1;2014;21;36;28;76;93;79;23;34;29;76;84;79;1;32;16;9;5;2;35;15;20;0;4;12;20;14;2;5;3;3;6;4;6;10;8;14;17;16;20;31;26;-14;-6;-10;0;0;0;2;0;1;0;18;34;25;71;89;77;20;38;28;71;88;75;1;26;10;8;2;0;18;4;14;0;40;0;21;10;0;6;2;0;6;2;1;10;4;0;28;11;4;54;16;-53;24;-4;0;0;0;1;0;1;0
holanda;costa_rica;1;2014;20;35;25;74;90;78;21;33;26;74;82;77;1;28;10;9;1;0;34;5;29;0;40;0;21;10;0;6;2;0;6;2;1;10;4;0;28;11;4;54;16;-53;24;-4;0;0;0;3;0;2;0;21;33;26;59;79;68;24;34;27;59;79;70;2;18;10;5;3;2;13;7;6;0;2;5;8;6;0;1;0;5;5;5;4;5;4;5;10;7;13;14;13;-8;-4;-6;0;0;0;1;0;0;0
brasil;alemanha;0;2014;22;35;27;77;88;81;21;37;29;77;87;80;1;20;9;6;2;1;18;8;10;0;4;12;20;14;2;5;3;3;6;4;6;10;8;14;17;16;20;31;26;-14;-6;-10;0;0;0;1;0;1;1;19;37;26;77;88;81;22;35;26;78;90;81;1;28;10;9;1;0;36;10;26;0;40;0;21;10;0;6;2;0;6;2;1;10;4;0;28;11;4;54;16;-53;24;-4;0;0;0;3;1;2;0
holanda;argentina;0;2014;20;35;25;74;90;78;21;33;26;74;82;77;1;28;10;9;1;0;34;5;29;0;40;0;21;10;0;6;2;0;6;2;1;10;4;0;28;11;4;54;16;-53;24;-4;0;0;0;3;0;2;0;21;36;28;76;93;79;23;34;29;76;84;79;1;32;16;9;5;2;35;15;20;0;4;12;20;14;2;5;3;3;6;4;6;10;8;14;17;16;20;31;26;-14;-6;-10;0;0;0;2;0;1;0
brasil;holanda;0;2014;22;35;27;77;88;81;21;37;29;77;87;80;1;20;9;6;2;1;18;8;10;0;4;12;20;14;2;5;3;3;6;4;6;10;8;14;17;16;20;31;26;-14;-6;-10;0;0;0;1;0;1;1;20;35;25;74;90;78;21;33;26;74;82;77;1;28;10;9;1;0;34;5;29;0;40;0;21;10;0;6;2;0;6;2;1;10;4;0;28;11;4;54;16;-53;24;-4;0;0;0;3;0;2;0
alemanha;argentina;1;2014;19;37;26;77;88;81;22;35;26;78;90;81;1;28;10;9;1;0;36;10;26;0;40;0;21;10;0;6;2;0;6;2;1;10;4;0;28;11;4;54;16;-53;24;-4;0;0;0;3;1;2;0;21;36;28;76;93;79;23;34;29;76;84;79;1;32;16;9;5;2;35;15;20;0;4;12;20;14;2;5;3;3;6;4;6;10;8;14;17;16;20;31;26;-14;-6;-10;0;0;0;2;0;1;0
russia;arabia_saudita;1;2018;21;36;26;68;82;75;20;35;28;68;81;74;1;21;10;6;2;1;20;8;12;0;41;0;23;10;0;7;2;0;5;1;1;10;5;1;24;11;6;51;17;-49;13;-6;0;0;0;1;0;1;1;21;35;27;65;73;68;25;35;28;65;73;68;2;19;10;6;1;3;17;10;7;0;7;2;13;10;0;4;2;1;4;2;3;8;5;6;11;8;7;24;12;-18;2;-4;0;0;0;1;1;0;0
egito;uruguai;0;2018;22;34;27;66;89;73;23;36;29;66;76;69;1;13;6;4;1;1;8;4;4;0;15;2;13;6;0;4;1;0;4;2;1;5;2;1;14;6;2;13;8;-8;5;-2;0;0;0;1;0;0;0;21;32;26;72;91;77;21;36;29;72;90;77;2;31;18;9;4;5;32;20;12;0;5;12;26;19;2;8;5;2;6;3;8;12;9;16;26;21;25;38;30;-22;-1;-9;0;0;0;1;1;0;0
marrocos;ira;0;2018;21;35;26;68;85;74;20;33;27;68;82;73;1;12;6;3;3;0;11;0;11;0;15;2;13;6;0;4;1;0;4;2;1;5;2;1;14;6;2;13;8;-8;5;-2;0;0;0;1;0;1;0;18;32;26;66;77;71;23;26;24;68;73;70;1;22;10;6;4;0;10;2;8;0;7;2;13;10;0;4;2;1;4;2;3;8;5;6;11;8;7;24;12;-18;2;-4;0;0;0;1;0;0;0
portugal;espanha;0;2018;19;35;26;76;94;81;22;37;28;76;86;80;1;27;10;9;0;1;32;4;28;0;41;0;23;10;0;7;2;0;5;1;1;10;5;1;24;11;6;51;17;-49;13;-6;0;0;0;3;0;2;0;23;38;28;81;90;83;23;38;29;82;91;84;1;28;10;9;1;0;36;3;33;0;41;0;23;10;0;7;2;0;5;1;1;10;5;1;24;11;6;51;17;-49;13;-6;0;0;0;3;0;3;0
franca;australia;1;2018;20;36;27;80;91;83;20;35;27;80;89;83;1;23;10;7;2;1;18;6;12;0;41;0;23;10;0;7;2;0;5;1;1;10;5;1;24;11;6;51;17;-49;13;-6;0;0;0;1;0;1;0;20;35;27;67;77;70;22;37;29;67;81;71;3;19;10;5;4;1;16;11;5;0;7;2;13;10;0;4;2;1;4;2;3;8;5;6;11;8;7;24;12;-18;2;-4;0;0;1;1;1;0;0
argentina;islandia;0;2018;21;36;28;78;94;81;26;35;30;78;84;80;3;28;18;7;7;4;19;16;3;0;5;12;26;19;2;8;5;2;6;3;8;12;9;16;26;21;25;38;30;-22;-1;-9;0;0;0;1;0;0;0;19;35;26;59;82;69;17;36;27;57;75;68;1;22;10;7;1;2;16;7;9;0;41;0;23;10;0;7;2;0;5;1;1;10;5;1;24;11;6;51;17;-49;13;-6;0;0;0;1;0;0;0
peru;dinamarca;0;2018;19;40;26;60;78;70;19;33;26;64;76;70;5;26;18;7;5;6;27;26;1;0;5;12;26;19;2;8;5;2;6;3;8;12;9;16;26;21;25;38;30;-22;-1;-9;0;0;1;1;1;0;0;19;36;26;71;88;76;22;34;27;71;83;76;2;20;10;6;2;2;20;8;12;0;41;0;23;10;0;7;2;0;5;1;1;10;5;1;24;11;6;51;17;-49;13;-6;0;0;0;2;0;1;0
croacia;nigeria;1;2018;21;34;26;70;91;77;22;34;26;71;82;76;2;20;10;6;2;2;15;4;11;0;41;0;23;10;0;7;2;0;5;1;1;10;5;1;24;11;6;51;17;-49;13;-6;0;0;0;1;0;1;0;20;33;24;68;83;74;22;31;27;70;77;73;1;13;6;4;2;0;11;6;5;0;15;2;13;6;0;4;1;0;4;2;1;5;2;1;14;6;2;13;8;-8;5;-2;0;0;0;1;1;0;0
costa_rica;servia;0;2018;20;31;25;62;76;68;20;32;27;63;87;70;2;16;10;4;4;2;14;8;6;0;3;6;13;10;2;3;2;0;4;2;3;8;5;7;17;12;13;19;17;-12;4;-4;0;0;0;1;0;0;0;21;35;27;71;87;76;21;34;27;71;83;75;1;21;10;6;3;1;20;10;10;0;41;0;23;10;0;7;2;0;5;1;1;10;5;1;24;11;6;51;17;-49;13;-6;0;0;0;2;1;1;0
alemanha;mexico;0;2018;20;32;26;79;89;83;22;33;27;79;90;82;1;30;10;10;0;0;43;4;39;0;41;0;23;10;0;7;2;0;5;1;1;10;5;1;24;11;6;51;17;-49;13;-6;1;1;0;4;0;3;0;19;35;27;72;84;76;21;38;29;72;79;75;1;21;10;6;3;1;16;7;9;0;3;6;13;10;2;3;2;0;4;2;3;8;5;7;17;12;13;19;17;-12;4;-4;0;0;0;1;0;0;0
brasil;suica;0;2018;22;35;27;80;92;83;21;37;30;80;89;84;1;41;18;12;5;1;41;11;30;0;5;12;26;19;2;8;5;2;6;3;8;12;9;16;26;21;25;38;30;-22;-1;-9;0;0;0;2;0;1;0;22;36;27;69;82;75;21;36;27;70;85;76;2;27;10;9;0;1;23;7;16;0;41;0;23;10;0;7;2;0;5;1;1;10;5;1;24;11;6;51;17;-49;13;-6;0;0;0;2;0;1;0
suecia;coreia_do_sul;1;2018;19;37;28;71;85;74;22;34;28;71;84;74;2;19;10;6;1;3;26;9;17;0;41;0;23;10;0;7;2;0;5;1;1;10;5;1;24;11;6;51;17;-49;13;-6;0;0;0;2;0;1;0;18;36;28;69;87;72;22;36;29;69;76;71;2;15;10;4;3;3;11;10;1;0;7;2;13;10;0;4;2;1;4;2;3;8;5;6;11;8;7;24;12;-18;2;-4;0;0;0;1;1;0;0
belgica;panama;1;2018;21;33;26;73;91;79;20;36;28;74;88;79;1;28;10;9;1;0;43;6;37;0;41;0;23;10;0;7;2;0;5;1;1;10;5;1;24;11;6;51;17;-49;13;-6;0;0;0;4;0;3;0;22;29;24;57;73;66;23;35;29;68;76;70;3;13;10;3;4;3;9;10;-1;0;3;6;13;10;2;3;2;0;4;2;3;8;5;7;17;12;13;19;17;-12;4;-4;0;0;0;0;1;0;0
tunisia;inglaterra;0;2018;20;35;27;62;79;69;21;36;28;61;78;69;1;14;6;4;2;0;11;4;7;0;15;2;13;6;0;4;1;0;4;2;1;5;2;1;14;6;2;13;8;-8;5;-2;0;0;0;1;0;1;0;19;33;26;77;91;81;20;36;27;78;85;80;1;26;10;8;2;0;18;3;15;0;41;0;23;10;0;7;2;0;5;1;1;10;5;1;24;11;6;51;17;-49;13;-6;0;0;0;1;0;1;0
colombia;japao;0;2018;20;34;28;73;87;77;21;33;27;74;85;77;4;27;18;7;6;5;21;19;2;0;5;12;26;19;2;8;5;2;6;3;8;12;9;16;26;21;25;38;30;-22;-1;-9;0;0;0;1;1;0;0;21;39;28;69;80;73;20;36;29;70;79;73;1;20;10;6;2;2;17;7;10;0;7;2;13;10;0;4;2;1;4;2;3;8;5;6;11;8;7;24;12;-18;2;-4;0;0;0;1;0;1;0
polonia;senegal;0;2018;21;36;27;69;90;74;21;39;29;70;87;74;1;25;10;8;1;1;28;14;14;0;41;0;23;10;0;7;2;0;5;1;1;10;5;1;24;11;6;51;17;-49;13;-6;0;0;0;2;1;1;0;20;34;27;69;87;75;20;34;27;69;89;75;1;14;6;4;2;0;10;3;7;0;15;2;13;6;0;4;1;0;4;2;1;5;2;1;14;6;2;13;8;-8;5;-2;0;0;0;1;0;1;0
russia;egito;1;2018;21;36;26;68;82;75;20;35;28;68;81;74;1;21;10;6;2;1;20;8;12;0;41;0;23;10;0;7;2;0;5;1;1;10;5;1;24;11;6;51;17;-49;13;-6;0;0;0;1;0;1;1;22;34;27;66;89;73;23;36;29;66;76;69;1;13;6;4;1;1;8;4;4;0;15;2;13;6;0;4;1;0;4;2;1;5;2;1;14;6;2;13;8;-8;5;-2;0;0;0;1;0;0;0
portugal;marrocos;1;2018;19;35;26;76;94;81;22;37;28;76;86;80;1;27;10;9;0;1;32;4;28;0;41;0;23;10;0;7;2;0;5;1;1;10;5;1;24;11;6;51;17;-49;13;-6;0;0;0;3;0;2;0;21;35;26;68;85;74;20;33;27;68;82;73;1;12;6;3;3;0;11;0;11;0;15;2;13;6;0;4;1;0;4;2;1;5;2;1;14;6;2;13;8;-8;5;-2;0;0;0;1;0;1;0
uruguai;arabia_saudita;1;2018;21;32;26;72;91;77;21;36;29;72;90;77;2;31;18;9;4;5;32;20;12;0;5;12;26;19;2;8;5;2;6;3;8;12;9;16;26;21;25;38;30;-22;-1;-9;0;0;0;1;1;0;0;21;35;27;65;73;68;25;35;28;65;73;68;2;19;10;6;1;3;17;10;7;0;7;2;13;10;0;4;2;1;4;2;3;8;5;6;11;8;7;24;12;-18;2;-4;0;0;0;1;1;0;0
ira;espanha;0;2018;18;32;26;66;77;71;23;26;24;68;73;70;1;22;10;6;4;0;10;2;8;0;7;2;13;10;0;4;2;1;4;2;3;8;5;6;11;8;7;24;12;-18;2;-4;0;0;0;1;0;0;0;23;38;28;81;90;83;23;38;29;82;91;84;1;28;10;9;1;0;36;3;33;0;41;0;23;10;0;7;2;0;5;1;1;10;5;1;24;11;6;51;17;-49;13;-6;0;0;0;3;0;3;0
dinamarca;australia;0;2018;19;36;26;71;88;76;22;34;27;71;83;76;2;20;10;6;2;2;20;8;12;0;41;0;23;10;0;7;2;0;5;1;1;10;5;1;24;11;6;51;17;-49;13;-6;0;0;0;2;0;1;0;20;35;27;67;77;70;22;37;29;67;81;71;3;19;10;5;4;1;16;11;5;0;7;2;13;10;0;4;2;1;4;2;3;8;5;6;11;8;7;24;12;-18;2;-4;0;0;1;1;1;0;0
franca;peru;1;2018;20;36;27;80;91;83;20;35;27;80;89;83;1;23;10;7;2;1;18;6;12;0;41;0;23;10;0;7;2;0;5;1;1;10;5;1;24;11;6;51;17;-49;13;-6;0;0;0;1;0;1;0;19;40;26;60;78;70;19;33;26;64;76;70;5;26;18;7;5;6;27;26;1;0;5;12;26;19;2;8;5;2;6;3;8;12;9;16;26;21;25;38;30;-22;-1;-9;0;0;1;1;1;0;0
argentina;croacia;0;2018;21;36;28;78;94;81;26;35;30;78;84;80;3;28;18;7;7;4;19;16;3;0;5;12;26;19;2;8;5;2;6;3;8;12;9;16;26;21;25;38;30;-22;-1;-9;0;0;0;1;0;0;0;21;34;26;70;91;77;22;34;26;71;82;76;2;20;10;6;2;2;15;4;11;0;41;0;23;10;0;7;2;0;5;1;1;10;5;1;24;11;6;51;17;-49;13;-6;0;0;0;1;0;1;0
brasil;costa_rica;1;2018;22;35;27;80;92;83;21;37;30;80;89;84;1;41;18;12;5;1;41;11;30;0;5;12;26;19;2;8;5;2;6;3;8;12;9;16;26;21;25;38;30;-22;-1;-9;0;0;0;2;0;1;0;20;31;25;62;76;68;20;32;27;63;87;70;2;16;10;4;4;2;14;8;6;0;3;6;13;10;2;3;2;0;4;2;3;8;5;7;17;12;13;19;17;-12;4;-4;0;0;0;1;0;0;0
nigeria;islandia;1;2018;20;33;24;68;83;74;22;31;27;70;77;73;1;13;6;4;2;0;11;6;5;0;15;2;13;6;0;4;1;0;4;2;1;5;2;1;14;6;2;13;8;-8;5;-2;0;0;0;1;1;0;0;19;35;26;59;82;69;17;36;27;57;75;68;1;22;10;7;1;2;16;7;9;0;41;0;23;10;0;7;2;0;5;1;1;10;5;1;24;11;6;51;17;-49;13;-6;0;0;0;1;0;0;0
servia;suica;0;2018;21;35;27;71;87;76;21;34;27;71;83;75;1;21;10;6;3;1;20;10;10;0;41;0;23;10;0;7;2;0;5;1;1;10;5;1;24;11;6;51;17;-49;13;-6;0;0;0;2;1;1;0;22;36;27;69;82;75;21;36;27;70;85;76;2;27;10;9;0;1;23;7;16;0;41;0;23;10;0;7;2;0;5;1;1;10;5;1;24;11;6;51;17;-49;13;-6;0;0;0;2;0;1;0
belgica;tunisia;1;2018;21;33;26;73;91;79;20;36;28;74;88;79;1;28;10;9;1;0;43;6;37;0;41;0;23;10;0;7;2;0;5;1;1;10;5;1;24;11;6;51;17;-49;13;-6;0;0;0;4;0;3;0;20;35;27;62;79;69;21;36;28;61;78;69;1;14;6;4;2;0;11;4;7;0;15;2;13;6;0;4;1;0;4;2;1;5;2;1;14;6;2;13;8;-8;5;-2;0;0;0;1;0;1;0
coreia_do_sul;mexico;0;2018;18;36;28;69;87;72;22;36;29;69;76;71;2;15;10;4;3;3;11;10;1;0;7;2;13;10;0;4;2;1;4;2;3;8;5;6;11;8;7;24;12;-18;2;-4;0;0;0;1;1;0;0;19;35;27;72;84;76;21;38;29;72;79;75;1;21;10;6;3;1;16;7;9;0;3;6;13;10;2;3;2;0;4;2;3;8;5;7;17;12;13;19;17;-12;4;-4;0;0;0;1;0;0;0
alemanha;suecia;1;2018;20;32;26;79;89;83;22;33;27;79;90;82;1;30;10;10;0;0;43;4;39;0;41;0;23;10;0;7;2;0;5;1;1;10;5;1;24;11;6;51;17;-49;13;-6;1;1;0;4;0;3;0;19;37;28;71;85;74;22;34;28;71;84;74;2;19;10;6;1;3;26;9;17;0;41;0;23;10;0;7;2;0;5;1;1;10;5;1;24;11;6;51;17;-49;13;-6;0;0;0;2;0;1;0
inglaterra;panama;1;2018;19;33;26;77;91;81;20;36;27;78;85;80;1;26;10;8;2;0;18;3;15;0;41;0;23;10;0;7;2;0;5;1;1;10;5;1;24;11;6;51;17;-49;13;-6;0;0;0;1;0;1;0;22;29;24;57;73;66;23;35;29;68;76;70;3;13;10;3;4;3;9;10;-1;0;3;6;13;10;2;3;2;0;4;2;3;8;5;7;17;12;13;19;17;-12;4;-4;0;0;0;0;1;0;0
japao;senegal;0;2018;21;39;28;69;80;73;20;36;29;70;79;73;1;20;10;6;2;2;17;7;10;0;7;2;13;10;0;4;2;1;4;2;3;8;5;6;11;8;7;24;12;-18;2;-4;0;0;0;1;0;1;0;20;34;27;69;87;75;20;34;27;69;89;75;1;14;6;4;2;0;10;3;7;0;15;2;13;6;0;4;1;0;4;2;1;5;2;1;14;6;2;13;8;-8;5;-2;0;0;0;1;0;1;0
polonia;colombia;0;2018;21;36;27;69;90;74;21;39;29;70;87;74;1;25;10;8;1;1;28;14;14;0;41;0;23;10;0;7;2;0;5;1;1;10;5;1;24;11;6;51;17;-49;13;-6;0;0;0;2;1;1;0;20;34;28;73;87;77;21;33;27;74;85;77;4;27;18;7;6;5;21;19;2;0;5;12;26;19;2;8;5;2;6;3;8;12;9;16;26;21;25;38;30;-22;-1;-9;0;0;0;1;1;0;0
arabia_saudita;egito;1;2018;21;35;27;65;73;68;25;35;28;65;73;68;2;19;10;6;1;3;17;10;7;0;7;2;13;10;0;4;2;1;4;2;3;8;5;6;11;8;7;24;12;-18;2;-4;0;0;0;1;1;0;0;22;34;27;66;89;73;23;36;29;66;76;69;1;13;6;4;1;1;8;4;4;0;15;2;13;6;0;4;1;0;4;2;1;5;2;1;14;6;2;13;8;-8;5;-2;0;0;0;1;0;0;0
uruguai;russia;1;2018;21;32;26;72;91;77;21;36;29;72;90;77;2;31;18;9;4;5;32;20;12;0;5;12;26;19;2;8;5;2;6;3;8;12;9;16;26;21;25;38;30;-22;-1;-9;0;0;0;1;1;0;0;21;36;26;68;82;75;20;35;28;68;81;74;1;21;10;6;2;1;20;8;12;0;41;0;23;10;0;7;2;0;5;1;1;10;5;1;24;11;6;51;17;-49;13;-6;0;0;0;1;0;1;1
espanha;marrocos;0;2018;23;38;28;81;90;83;23;38;29;82;91;84;1;28;10;9;1;0;36;3;33;0;41;0;23;10;0;7;2;0;5;1;1;10;5;1;24;11;6;51;17;-49;13;-6;0;0;0;3;0;3;0;21;35;26;68;85;74;20;33;27;68;82;73;1;12;6;3;3;0;11;0;11;0;15;2;13;6;0;4;1;0;4;2;1;5;2;1;14;6;2;13;8;-8;5;-2;0;0;0;1;0;1;0
ira;portugal;0;2018;18;32;26;66;77;71;23;26;24;68;73;70;1;22;10;6;4;0;10;2;8;0;7;2;13;10;0;4;2;1;4;2;3;8;5;6;11;8;7;24;12;-18;2;-4;0;0;0;1;0;0;0;19;35;26;76;94;81;22;37;28;76;86;80;1;27;10;9;0;1;32;4;28;0;41;0;23;10;0;7;2;0;5;1;1;10;5;1;24;11;6;51;17;-49;13;-6;0;0;0;3;0;2;0
australia;peru;0;2018;20;35;27;67;77;70;22;37;29;67;81;71;3;19;10;5;4;1;16;11;5;0;7;2;13;10;0;4;2;1;4;2;3;8;5;6;11;8;7;24;12;-18;2;-4;0;0;1;1;1;0;0;19;40;26;60;78;70;19;33;26;64;76;70;5;26;18;7;5;6;27;26;1;0;5;12;26;19;2;8;5;2;6;3;8;12;9;16;26;21;25;38;30;-22;-1;-9;0;0;1;1;1;0;0
dinamarca;franca;0;2018;19;36;26;71;88;76;22;34;27;71;83;76;2;20;10;6;2;2;20;8;12;0;41;0;23;10;0;7;2;0;5;1;1;10;5;1;24;11;6;51;17;-49;13;-6;0;0;0;2;0;1;0;20;36;27;80;91;83;20;35;27;80;89;83;1;23;10;7;2;1;18;6;12;0;41;0;23;10;0;7;2;0;5;1;1;10;5;1;24;11;6;51;17;-49;13;-6;0;0;0;1;0;1;0
islandia;croacia;0;2018;19;35;26;59;82;69;17;36;27;57;75;68;1;22;10;7;1;2;16;7;9;0;41;0;23;10;0;7;2;0;5;1;1;10;5;1;24;11;6;51;17;-49;13;-6;0;0;0;1;0;0;0;21;34;26;70;91;77;22;34;26;71;82;76;2;20;10;6;2;2;15;4;11;0;41;0;23;10;0;7;2;0;5;1;1;10;5;1;24;11;6;51;17;-49;13;-6;0;0;0;1;0;1;0
nigeria;argentina;0;2018;20;33;24;68;83;74;22;31;27;70;77;73;1;13;6;4;2;0;11;6;5;0;15;2;13;6;0;4;1;0;4;2;1;5;2;1;14;6;2;13;8;-8;5;-2;0;0;0;1;1;0;0;21;36;28;78;94;81;26;35;30;78;84;80;3;28;18;7;7;4;19;16;3;0;5;12;26;19;2;8;5;2;6;3;8;12;9;16;26;21;25;38;30;-22;-1;-9;0;0;0;1;0;0;0
coreia_do_sul;alemanha;1;2018;18;36;28;69;87;72;22;36;29;69;76;71;2;15;10;4;3;3;11;10;1;0;7;2;13;10;0;4;2;1;4;2;3;8;5;6;11;8;7;24;12;-18;2;-4;0;0;0;1;1;0;0;20;32;26;79;89;83;22;33;27;79;90;82;1;30;10;10;0;0;43;4;39;0;41;0;23;10;0;7;2;0;5;1;1;10;5;1;24;11;6;51;17;-49;13;-6;1;1;0;4;0;3;0
mexico;suecia;0;2018;19;35;27;72;84;76;21;38;29;72;79;75;1;21;10;6;3;1;16;7;9;0;3;6;13;10;2;3;2;0;4;2;3;8;5;7;17;12;13;19;17;-12;4;-4;0;0;0;1;0;0;0;19;37;28;71;85;74;22;34;28;71;84;74;2;19;10;6;1;3;26;9;17;0;41;0;23;10;0;7;2;0;5;1;1;10;5;1;24;11;6;51;17;-49;13;-6;0;0;0;2;0;1;0
servia;brasil;0;2018;21;35;27;71;87;76;21;34;27;71;83;75;1;21;10;6;3;1;20;10;10;0;41;0;23;10;0;7;2;0;5;1;1;10;5;1;24;11;6;51;17;-49;13;-6;0;0;0;2;1;1;0;22;35;27;80;92;83;21;37;30;80;89;84;1;41;18;12;5;1;41;11;30;0;5;12;26;19;2;8;5;2;6;3;8;12;9;16;26;21;25;38;30;-22;-1;-9;0;0;0;2;0;1;0
suica;costa_rica;0;2018;22;36;27;69;82;75;21;36;27;70;85;76;2;27;10;9;0;1;23;7;16;0;41;0;23;10;0;7;2;0;5;1;1;10;5;1;24;11;6;51;17;-49;13;-6;0;0;0;2;0;1;0;20;31;25;62;76;68;20;32;27;63;87;70;2;16;10;4;4;2;14;8;6;0;3;6;13;10;2;3;2;0;4;2;3;8;5;7;17;12;13;19;17;-12;4;-4;0;0;0;1;0;0;0
japao;polonia;0;2018;21;39;28;69;80;73;20;36;29;70;79;73;1;20;10;6;2;2;17;7;10;0;7;2;13;10;0;4;2;1;4;2;3;8;5;6;11;8;7;24;12;-18;2;-4;0;0;0;1;0;1;0;21;36;27;69;90;74;21;39;29;70;87;74;1;25;10;8;1;1;28;14;14;0;41;0;23;10;0;7;2;0;5;1;1;10;5;1;24;11;6;51;17;-49;13;-6;0;0;0;2;1;1;0
senegal;colombia;0;2018;20;34;27;69;87;75;20;34;27;69;89;75;1;14;6;4;2;0;10;3;7;0;15;2;13;6;0;4;1;0;4;2;1;5;2;1;14;6;2;13;8;-8;5;-2;0;0;0;1;0;1;0;20;34;28;73;87;77;21;33;27;74;85;77;4;27;18;7;6;5;21;19;2;0;5;12;26;19;2;8;5;2;6;3;8;12;9;16;26;21;25;38;30;-22;-1;-9;0;0;0;1;1;0;0
inglaterra;belgica;0;2018;19;33;26;77;91;81;20;36;27;78;85;80;1;26;10;8;2;0;18;3;15;0;41;0;23;10;0;7;2;0;5;1;1;10;5;1;24;11;6;51;17;-49;13;-6;0;0;0;1;0;1;0;21;33;26;73;91;79;20;36;28;74;88;79;1;28;10;9;1;0;43;6;37;0;41;0;23;10;0;7;2;0;5;1;1;10;5;1;24;11;6;51;17;-49;13;-6;0;0;0;4;0;3;0
panama;tunisia;0;2018;22;29;24;57;73;66;23;35;29;68;76;70;3;13;10;3;4;3;9;10;-1;0;3;6;13;10;2;3;2;0;4;2;3;8;5;7;17;12;13;19;17;-12;4;-4;0;0;0;0;1;0;0;20;35;27;62;79;69;21;36;28;61;78;69;1;14;6;4;2;0;11;4;7;0;15;2;13;6;0;4;1;0;4;2;1;5;2;1;14;6;2;13;8;-8;5;-2;0;0;0;1;0;1;0
franca;argentina;1;2018;20;36;27;80;91;83;20;35;27;80;89;83;1;23;10;7;2;1;18;6;12;0;41;0;23;10;0;7;2;0;5;1;1;10;5;1;24;11;6;51;17;-49;13;-6;0;0;0;1;0;1;0;21;36;28;78;94;81;26;35;30;78;84;80;3;28;18;7;7;4;19;16;3;0;5;12;26;19;2;8;5;2;6;3;8;12;9;16;26;21;25;38;30;-22;-1;-9;0;0;0;1;0;0;0
uruguai;portugal;1;2018;21;32;26;72;91;77;21;36;29;72;90;77;2;31;18;9;4;5;32;20;12;0;5;12;26;19;2;8;5;2;6;3;8;12;9;16;26;21;25;38;30;-22;-1;-9;0;0;0;1;1;0;0;19;35;26;76;94;81;22;37;28;76;86;80;1;27;10;9;0;1;32;4;28;0;41;0;23;10;0;7;2;0;5;1;1;10;5;1;24;11;6;51;17;-49;13;-6;0;0;0;3;0;2;0
espanha;russia;0;2018;23;38;28;81;90;83;23;38;29;82;91;84;1;28;10;9;1;0;36;3;33;0;41;0;23;10;0;7;2;0;5;1;1;10;5;1;24;11;6;51;17;-49;13;-6;0;0;0;3;0;3;0;21;36;26;68;82;75;20;35;28;68;81;74;1;21;10;6;2;1;20;8;12;0;41;0;23;10;0;7;2;0;5;1;1;10;5;1;24;11;6;51;17;-49;13;-6;0;0;0;1;0;1;1
croacia;dinamarca;1;2018;21;34;26;70;91;77;22;34;26;71;82;76;2;20;10;6;2;2;15;4;11;0;41;0;23;10;0;7;2;0;5;1;1;10;5;1;24;11;6;51;17;-49;13;-6;0;0;0;1;0;1;0;19;36;26;71;88;76;22;34;27;71;83;76;2;20;10;6;2;2;20;8;12;0;41;0;23;10;0;7;2;0;5;1;1;10;5;1;24;11;6;51;17;-49;13;-6;0;0;0;2;0;1;0
brasil;mexico;1;2018;22;35;27;80;92;83;21;37;30;80;89;84;1;41;18;12;5;1;41;11;30;0;5;12;26;19;2;8;5;2;6;3;8;12;9;16;26;21;25;38;30;-22;-1;-9;0;0;0;2;0;1;0;19;35;27;72;84;76;21;38;29;72;79;75;1;21;10;6;3;1;16;7;9;0;3;6;13;10;2;3;2;0;4;2;3;8;5;7;17;12;13;19;17;-12;4;-4;0;0;0;1;0;0;0
belgica;japao;1;2018;21;33;26;73;91;79;20;36;28;74;88;79;1;28;10;9;1;0;43;6;37;0;41;0;23;10;0;7;2;0;5;1;1;10;5;1;24;11;6;51;17;-49;13;-6;0;0;0;4;0;3;0;21;39;28;69;80;73;20;36;29;70;79;73;1;20;10;6;2;2;17;7;10;0;7;2;13;10;0;4;2;1;4;2;3;8;5;6;11;8;7;24;12;-18;2;-4;0;0;0;1;0;1;0
suecia;suica;1;2018;19;37;28;71;85;74;22;34;28;71;84;74;2;19;10;6;1;3;26;9;17;0;41;0;23;10;0;7;2;0;5;1;1;10;5;1;24;11;6;51;17;-49;13;-6;0;0;0;2;0;1;0;22;36;27;69;82;75;21;36;27;70;85;76;2;27;10;9;0;1;23;7;16;0;41;0;23;10;0;7;2;0;5;1;1;10;5;1;24;11;6;51;17;-49;13;-6;0;0;0;2;0;1;0
colombia;inglaterra;0;2018;20;34;28;73;87;77;21;33;27;74;85;77;4;27;18;7;6;5;21;19;2;0;5;12;26;19;2;8;5;2;6;3;8;12;9;16;26;21;25;38;30;-22;-1;-9;0;0;0;1;1;0;0;19;33;26;77;91;81;20;36;27;78;85;80;1;26;10;8;2;0;18;3;15;0;41;0;23;10;0;7;2;0;5;1;1;10;5;1;24;11;6;51;17;-49;13;-6;0;0;0;1;0;1;0
uruguai;franca;0;2018;21;32;26;72;91;77;21;36;29;72;90;77;2;31;18;9;4;5;32;20;12;0;5;12;26;19;2;8;5;2;6;3;8;12;9;16;26;21;25;38;30;-22;-1;-9;0;0;0;1;1;0;0;20;36;27;80;91;83;20;35;27;80;89;83;1;23;10;7;2;1;18;6;12;0;41;0;23;10;0;7;2;0;5;1;1;10;5;1;24;11;6;51;17;-49;13;-6;0;0;0;1;0;1;0
brasil;belgica;0;2018;22;35;27;80;92;83;21;37;30;80;89;84;1;41;18;12;5;1;41;11;30;0;5;12;26;19;2;8;5;2;6;3;8;12;9;16;26;21;25;38;30;-22;-1;-9;0;0;0;2;0;1;0;21;33;26;73;91;79;20;36;28;74;88;79;1;28;10;9;1;0;43;6;37;0;41;0;23;10;0;7;2;0;5;1;1;10;5;1;24;11;6;51;17;-49;13;-6;0;0;0;4;0;3;0
suecia;inglaterra;0;2018;19;37;28;71;85;74;22;34;28;71;84;74;2;19;10;6;1;3;26;9;17;0;41;0;23;10;0;7;2;0;5;1;1;10;5;1;24;11;6;51;17;-49;13;-6;0;0;0;2;0;1;0;19;33;26;77;91;81;20;36;27;78;85;80;1;26;10;8;2;0;18;3;15;0;41;0;23;10;0;7;2;0;5;1;1;10;5;1;24;11;6;51;17;-49;13;-6;0;0;0;1;0;1;0
russia;croacia;0;2018;21;36;26;68;82;75;20;35;28;68;81;74;1;21;10;6;2;1;20;8;12;0;41;0;23;10;0;7;2;0;5;1;1;10;5;1;24;11;6;51;17;-49;13;-6;0;0;0;1;0;1;1;21;34;26;70;91;77;22;34;26;71;82;76;2;20;10;6;2;2;15;4;11;0;41;0;23;10;0;7;2;0;5;1;1;10;5;1;24;11;6;51;17;-49;13;-6;0;0;0;1;0;1;0
franca;belgica;1;2018;20;36;27;80;91;83;20;35;27;80;89;83;1;23;10;7;2;1;18;6;12;0;41;0;23;10;0;7;2;0;5;1;1;10;5;1;24;11;6;51;17;-49;13;-6;0;0;0;1;0;1;0;21;33;26;73;91;79;20;36;28;74;88;79;1;28;10;9;1;0;43;6;37;0;41;0;23;10;0;7;2;0;5;1;1;10;5;1;24;11;6;51;17;-49;13;-6;0;0;0;4;0;3;0
croacia;inglaterra;1;2018;21;34;26;70;91;77;22;34;26;71;82;76;2;20;10;6;2;2;15;4;11;0;41;0;23;10;0;7;2;0;5;1;1;10;5;1;24;11;6;51;17;-49;13;-6;0;0;0;1;0;1;0;19;33;26;77;91;81;20;36;27;78;85;80;1;26;10;8;2;0;18;3;15;0;41;0;23;10;0;7;2;0;5;1;1;10;5;1;24;11;6;51;17;-49;13;-6;0;0;0;1;0;1;0
belgica;inglaterra;1;2018;21;33;26;73;91;79;20;36;28;74;88;79;1;28;10;9;1;0;43;6;37;0;41;0;23;10;0;7;2;0;5;1;1;10;5;1;24;11;6;51;17;-49;13;-6;0;0;0;4;0;3;0;19;33;26;77;91;81;20;36;27;78;85;80;1;26;10;8;2;0;18;3;15;0;41;0;23;10;0;7;2;0;5;1;1;10;5;1;24;11;6;51;17;-49;13;-6;0;0;0;1;0;1;0
franca;croacia;1;2018;20;36;27;80;91;83;20;35;27;80;89;83;1;23;10;7;2;1;18;6;12;0;41;0;23;10;0;7;2;0;5;1;1;10;5;1;24;11;6;51;17;-49;13;-6;0;0;0;1;0;1;0;21;34;26;70;91;77;22;34;26;71;82;76;2;20;10;6;2;2;15;4;11;0;41;0;23;10;0;7;2;0;5;1;1;10;5;1;24;11;6;51;17;-49;13;-6;0;0;0;1;0;1;0
